date,1. open,2. high,3. low,4. close,5. volume
2024-08-09 19:45:00,163.5,163.8,163.45,163.59,3622.0
2024-08-09 19:30:00,163.4,163.65,163.4,163.59,991.0
2024-08-09 19:15:00,163.48,163.5,163.343,163.45,468.0
2024-08-09 19:00:00,163.48,163.48,163.32,163.4,2014.0
2024-08-09 18:45:00,163.39,163.55,163.32,163.33,1062.0
2024-08-09 18:30:00,163.39,163.46,163.32,163.43,990.0
2024-08-09 18:15:00,163.27,163.44,163.16,163.35,1696.0
2024-08-09 18:00:00,163.25,163.38,163.15,163.25,1462.0
2024-08-09 17:45:00,163.3,163.46,163.1,163.25,1936.0
2024-08-09 17:30:00,163.29,163.46,162.93,163.2,1167.0
2024-08-09 17:15:00,163.2,163.67,163.16,163.67,2023.0
2024-08-09 17:00:00,163.1,169.689,157.364,163.17,10468.0
2024-08-09 16:45:00,163.35,166.703,162.95,163.09,550339.0
2024-08-09 16:30:00,163.65,163.65,163.31,163.35,14351.0
2024-08-09 16:15:00,163.67,163.8,163.64,163.66,53725.0
2024-08-09 16:00:00,163.64,163.94,161.109,163.67,6258090.0
2024-08-09 15:45:00,163.18,163.79,163.14,163.64,3072935.0
2024-08-09 15:30:00,162.49,163.19,162.47,163.185,1156801.0
2024-08-09 15:15:00,162.22,162.54,162.12,162.48,743679.0
2024-08-09 15:00:00,161.72,162.32,161.63,162.22,705703.0
2024-08-09 14:45:00,161.788,161.97,161.55,161.72,409010.0
2024-08-09 14:30:00,161.59,161.81,161.35,161.79,402895.0
2024-08-09 14:15:00,161.57,161.65,161.31,161.61,712236.0
2024-08-09 14:00:00,161.24,161.74,161.157,161.58,543592.0
2024-08-09 13:45:00,161.39,161.46,161.09,161.225,1023183.0
2024-08-09 13:30:00,161.25,161.5,161.01,161.4,725909.0
2024-08-09 13:15:00,160.74,161.25,160.716,161.25,431796.0
2024-08-09 13:00:00,159.945,160.749,159.87,160.71,487409.0
2024-08-09 12:45:00,159.62,159.95,159.41,159.94,539252.0
2024-08-09 12:30:00,159.62,159.75,159.53,159.62,409650.0
2024-08-09 12:15:00,159.45,159.75,159.33,159.62,424953.0
2024-08-09 12:00:00,159.8,159.967,159.365,159.44,583658.0
2024-08-09 11:45:00,160.105,160.15,159.695,159.79,539401.0
2024-08-09 11:30:00,159.815,160.29,159.815,160.095,599202.0
2024-08-09 11:15:00,159.785,160.04,159.573,159.81,688031.0
2024-08-09 11:00:00,160.16,160.24,159.715,159.785,959738.0
2024-08-09 10:45:00,159.44,160.54,159.44,160.13,949737.0
2024-08-09 10:30:00,160.29,160.33,159.08,159.45,1249496.0
2024-08-09 10:15:00,160.36,160.5,160.02,160.26,807479.0
2024-08-09 10:00:00,160.19,160.583,159.96,160.37,1217483.0
2024-08-09 09:45:00,160.34,160.644,159.92,160.17,1248802.0
2024-08-09 09:30:00,160.01,161.05,159.06,160.32,3019484.0
2024-08-09 09:15:00,159.6,163.14,159.23,159.84,157488.0
2024-08-09 09:00:00,159.02,159.6,158.8,159.55,121105.0
2024-08-09 08:45:00,159.13,170.29,158.55,159.06,104135.0
2024-08-09 08:30:00,159.6,159.65,158.858,159.15,128579.0
2024-08-09 08:15:00,159.49,159.69,158.96,159.69,55728.0
2024-08-09 08:00:00,162.45,163.576,159.266,159.44,101003.0
2024-08-09 07:45:00,160.06,160.52,159.8,160.4,40449.0
2024-08-09 07:30:00,160.89,161.08,160.06,160.08,44526.0
2024-08-09 07:15:00,161.15,161.61,160.5,160.81,33869.0
2024-08-09 07:00:00,162.98,163.19,161.01,161.06,67217.0
2024-08-09 06:45:00,163.14,163.14,162.97,163.0,2333.0
2024-08-09 06:30:00,163.34,163.35,163.07,163.1,2712.0
2024-08-09 06:15:00,163.32,163.49,163.19,163.33,8418.0
2024-08-09 06:00:00,163.22,163.32,163.01,163.25,2875.0
2024-08-09 05:45:00,162.89,163.3,162.85,163.28,2353.0
2024-08-09 05:30:00,163.24,163.26,162.9,162.91,5111.0
2024-08-09 05:15:00,163.45,163.52,163.2,163.25,2777.0
2024-08-09 05:00:00,163.49,163.64,163.37,163.4,9776.0
2024-08-09 04:45:00,163.47,163.51,163.33,163.48,1822.0
2024-08-09 04:30:00,162.76,163.47,162.7,163.47,7211.0
2024-08-09 04:15:00,162.66,162.78,162.6,162.76,6515.0
2024-08-09 04:00:00,162.79,163.0,162.04,162.67,9606.0
2024-08-08 19:45:00,162.7,163.14,162.64,162.71,3816.0
2024-08-08 19:30:00,162.67,162.7,162.37,162.61,5068.0
2024-08-08 19:15:00,162.9,162.94,162.37,162.66,2473.0
2024-08-08 19:00:00,162.6,162.94,162.5,162.94,6363.0
2024-08-08 18:45:00,162.55,162.6,162.373,162.59,1339.0
2024-08-08 18:30:00,162.61,162.64,162.37,162.57,765.0
2024-08-08 18:15:00,162.46,162.65,162.3,162.5,1236.0
2024-08-08 18:00:00,162.33,162.64,162.3,162.3,1571.0
2024-08-08 17:45:00,162.35,162.54,162.03,162.3,31281.0
2024-08-08 17:30:00,162.43,162.54,162.3,162.33,5490.0
2024-08-08 17:15:00,162.51,162.52,162.03,162.39,168610.0
2024-08-08 17:00:00,162.52,162.944,162.5,162.5,9111.0
2024-08-08 16:45:00,162.68,171.298,155.004,166.577,27267.0
2024-08-08 16:30:00,162.49,162.739,162.03,162.68,15769.0
2024-08-08 16:15:00,162.03,162.71,162.03,162.49,10504.0
2024-08-08 16:00:00,162.05,169.835,161.79,162.03,12418058.0
2024-08-08 15:45:00,162.785,162.8,161.67,162.05,3154440.0
2024-08-08 15:30:00,162.34,162.819,162.01,162.79,656578.0
2024-08-08 15:15:00,163.25,163.38,162.28,162.35,717359.0
2024-08-08 15:00:00,163.03,163.515,162.81,163.27,550971.0
2024-08-08 14:45:00,162.925,163.15,162.89,163.03,364033.0
2024-08-08 14:30:00,163.02,163.155,162.78,162.92,367443.0
2024-08-08 14:15:00,163.35,163.52,162.95,163.01,334242.0
2024-08-08 14:00:00,163.14,163.48,163.03,163.345,454733.0
2024-08-08 13:45:00,163.23,163.39,163.01,163.155,338963.0
2024-08-08 13:30:00,163.42,163.53,163.17,163.235,294287.0
2024-08-08 13:15:00,163.06,163.45,162.95,163.41,490960.0
2024-08-08 13:00:00,163.14,163.23,162.75,163.07,465862.0
2024-08-08 12:45:00,162.875,163.32,162.87,163.135,415908.0
2024-08-08 12:30:00,163.32,163.36,162.75,162.88,589618.0
2024-08-08 12:15:00,163.23,163.53,163.21,163.32,349638.0
2024-08-08 12:00:00,162.98,163.69,162.96,163.23,640178.0
2024-08-08 11:45:00,162.708,163.05,162.47,162.98,402644.0
2024-08-08 11:30:00,162.71,162.88,162.4,162.7,372889.0
2024-08-08 11:15:00,162.25,163.0,162.11,162.71,561408.0
2024-08-08 11:00:00,162.68,162.69,162.11,162.23,566966.0
2024-08-08 10:45:00,162.71,163.0,162.375,162.66,608124.0
2024-08-08 10:30:00,162.81,163.07,162.36,162.72,752538.0
2024-08-08 10:15:00,162.47,162.88,162.16,162.82,712264.0
2024-08-08 10:00:00,161.22,162.5,161.02,162.47,991061.0
2024-08-08 09:45:00,160.76,161.288,160.21,161.21,922084.0
2024-08-08 09:30:00,160.51,161.36,160.27,160.76,1324031.0
2024-08-08 09:15:00,161.0,161.57,160.5,160.59,47034.0
2024-08-08 09:00:00,160.96,161.825,158.975,161.0,11718.0
2024-08-08 08:45:00,161.02,161.28,160.67,160.91,27672.0
2024-08-08 08:30:00,159.63,161.36,159.63,161.19,56676.0
2024-08-08 08:15:00,159.56,159.88,159.308,159.308,10544.0
2024-08-08 08:00:00,158.668,160.18,158.361,159.56,15159.0
2024-08-08 07:45:00,159.17,159.45,159.17,159.4,2564.0
2024-08-08 07:30:00,159.08,159.27,159.0,159.19,1194.0
2024-08-08 07:15:00,159.25,159.37,159.07,159.12,1058.0
2024-08-08 07:00:00,159.16,159.37,158.78,159.25,6619.0
2024-08-08 06:45:00,159.25,159.44,159.1,159.25,1219.0
2024-08-08 06:30:00,159.26,159.34,159.12,159.23,703.0
2024-08-08 06:15:00,159.15,159.38,159.08,159.25,2396.0
2024-08-08 06:00:00,159.32,159.32,158.95,159.25,4906.0
2024-08-08 05:45:00,159.53,159.53,158.77,159.09,3262.0
2024-08-08 05:30:00,159.37,159.62,159.3,159.5,672.0
2024-08-08 05:15:00,159.6,159.7,159.31,159.48,1921.0
2024-08-08 05:00:00,159.62,159.87,159.6,159.64,2531.0
2024-08-08 04:45:00,159.63,159.81,159.51,159.62,2637.0
2024-08-08 04:30:00,158.8,159.5,158.78,159.5,2579.0
2024-08-08 04:15:00,159.19,159.19,158.81,158.89,3122.0
2024-08-08 04:00:00,158.7,159.28,158.02,158.97,7371.0
2024-08-07 19:45:00,156.75,158.56,156.444,157.287,7421.0
2024-08-07 19:30:00,157.31,157.493,156.32,156.4,12834.0
2024-08-07 19:15:00,158.2,158.23,157.1,157.2,10853.0
2024-08-07 19:00:00,158.499,158.5,157.91,158.23,1453.0
2024-08-07 18:45:00,158.5,158.5,158.0,158.15,1453.0
2024-08-07 18:30:00,158.39,158.79,158.03,158.3,2965.0
2024-08-07 18:15:00,158.17,158.5,157.75,158.2,3431.0
2024-08-07 18:00:00,157.73,158.57,157.71,158.01,4865.0
2024-08-07 17:45:00,157.999,158.05,157.55,157.65,4292.0
2024-08-07 17:30:00,157.98,158.47,157.75,157.81,1302.0
2024-08-07 17:15:00,157.65,158.94,157.5,158.47,76720.0
2024-08-07 17:00:00,162.389,162.389,150.549,157.65,8690.0
2024-08-07 16:45:00,158.03,162.995,147.003,157.93,20038.0
2024-08-07 16:30:00,158.38,158.94,158.0,158.03,79370.0
2024-08-07 16:15:00,158.94,158.97,158.12,158.48,13274.0
2024-08-07 16:00:00,158.93,159.04,158.3,158.91,6717650.0
2024-08-07 15:45:00,159.535,159.83,158.56,158.93,1924794.0
2024-08-07 15:30:00,159.58,160.05,159.29,159.531,755339.0
2024-08-07 15:15:00,159.58,160.08,159.37,159.6,597859.0
2024-08-07 15:00:00,159.34,160.07,159.19,159.59,670384.0
2024-08-07 14:45:00,159.1,159.43,158.78,159.32,536554.0
2024-08-07 14:30:00,159.02,159.265,158.56,159.11,499023.0
2024-08-07 14:15:00,158.63,159.14,158.48,159.04,551367.0
2024-08-07 14:00:00,158.91,159.03,158.47,158.61,601546.0
2024-08-07 13:45:00,159.52,159.66,158.75,158.95,646806.0
2024-08-07 13:30:00,159.29,159.975,159.27,159.52,481688.0
2024-08-07 13:15:00,159.6,159.645,158.84,159.295,873148.0
2024-08-07 13:00:00,160.01,160.19,159.42,159.62,469846.0
2024-08-07 12:45:00,160.75,160.9,160.02,160.025,555665.0
2024-08-07 12:30:00,160.95,161.19,160.71,160.73,403199.0
2024-08-07 12:15:00,160.72,161.155,160.45,160.975,559174.0
2024-08-07 12:00:00,161.03,161.06,160.14,160.74,718938.0
2024-08-07 11:45:00,160.34,161.06,160.07,161.02,575612.0
2024-08-07 11:30:00,161.185,161.26,160.33,160.36,639580.0
2024-08-07 11:15:00,161.26,161.42,161.0,161.19,650080.0
2024-08-07 11:00:00,162.15,162.19,161.14,161.27,779508.0
2024-08-07 10:45:00,162.4,162.98,161.83,162.15,799183.0
2024-08-07 10:30:00,162.09,162.51,161.72,162.37,739565.0
2024-08-07 10:15:00,162.12,162.43,161.81,162.065,821831.0
2024-08-07 10:00:00,161.5,162.225,161.1,162.13,935532.0
2024-08-07 09:45:00,161.3,161.5,160.87,161.49,977968.0
2024-08-07 09:30:00,161.25,162.19,160.46,161.287,2451670.0
2024-08-07 09:15:00,161.05,161.56,160.92,161.2,64259.0
2024-08-07 09:00:00,161.38,161.5,157.115,161.0,25279.0
2024-08-07 08:45:00,160.95,161.88,160.77,161.26,23835.0
2024-08-07 08:30:00,160.57,161.01,160.55,160.96,38664.0
2024-08-07 08:15:00,160.86,160.94,160.49,160.56,25622.0
2024-08-07 08:00:00,159.44,185.24,157.895,160.83,57526.0
2024-08-07 07:45:00,160.91,160.92,160.41,160.47,8882.0
2024-08-07 07:30:00,161.32,161.32,160.84,160.92,12977.0
2024-08-07 07:15:00,161.24,161.61,161.09,161.3,7908.0
2024-08-07 07:00:00,161.22,161.4,160.9,161.28,15507.0
2024-08-07 06:45:00,161.15,161.35,161.09,161.24,2919.0
2024-08-07 06:30:00,161.32,161.36,161.14,161.14,1775.0
2024-08-07 06:15:00,161.07,161.34,161.07,161.27,2202.0
2024-08-07 06:00:00,160.95,161.06,160.79,161.05,2342.0
2024-08-07 05:45:00,161.15,161.3,160.8,160.96,3193.0
2024-08-07 05:30:00,161.18,161.45,160.95,161.15,8167.0
2024-08-07 05:15:00,160.9,161.19,160.43,161.18,7532.0
2024-08-07 05:00:00,160.8,160.97,160.73,160.9,3512.0
2024-08-07 04:45:00,160.4,160.82,160.4,160.8,6722.0
2024-08-07 04:30:00,160.48,160.71,160.3,160.4,5132.0
2024-08-07 04:15:00,160.55,160.74,160.24,160.48,7810.0
2024-08-07 04:00:00,159.57,160.72,159.0,160.55,12084.0
2024-08-06 19:45:00,157.33,157.96,157.1,157.31,32882.0
2024-08-06 19:30:00,157.7,157.98,157.1,157.36,14516.0
2024-08-06 19:15:00,157.77,157.98,157.41,157.7,5822.0
2024-08-06 19:00:00,157.52,158.17,157.3,157.81,3588.0
2024-08-06 18:45:00,157.69,157.85,157.3,157.51,4302.0
2024-08-06 18:30:00,157.95,157.99,157.5,157.7,2409.0
2024-08-06 18:15:00,157.95,158.7,157.65,157.75,11688.0
2024-08-06 18:00:00,157.19,161.95,157.01,157.95,15507.0
2024-08-06 17:45:00,157.4,157.4,157.0,157.06,4865.0
2024-08-06 17:30:00,157.19,158.29,157.12,157.38,28372.0
2024-08-06 17:15:00,157.48,158.29,157.07,157.22,15975.0
2024-08-06 17:00:00,157.73,163.587,157.27,157.48,7314.0
2024-08-06 16:45:00,158.211,168.885,150.151,157.67,220143.0
2024-08-06 16:30:00,158.32,158.44,158.16,158.21,8211.0
2024-08-06 16:15:00,158.29,162.42,155.11,158.4,107441.0
2024-08-06 16:00:00,158.31,159.495,158.15,158.38,18989899.0
2024-08-06 15:45:00,158.81,159.17,158.095,158.32,5406094.0
2024-08-06 15:30:00,158.79,159.22,158.59,158.805,1080320.0
2024-08-06 15:15:00,159.07,159.3,158.66,158.79,1264202.0
2024-08-06 15:00:00,159.675,159.74,158.81,159.05,1258110.0
2024-08-06 14:45:00,160.22,160.57,159.675,159.68,1056665.0
2024-08-06 14:30:00,159.87,160.22,159.64,160.22,833104.0
2024-08-06 14:15:00,159.28,159.94,159.17,159.87,688379.0
2024-08-06 14:00:00,159.4,159.49,158.83,159.285,1443861.0
2024-08-06 13:45:00,159.24,159.61,158.99,159.4,849583.0
2024-08-06 13:30:00,159.46,159.61,159.13,159.23,903892.0
2024-08-06 13:15:00,159.87,159.97,159.3,159.46,559860.0
2024-08-06 13:00:00,159.87,160.11,159.64,159.84,543546.0
2024-08-06 12:45:00,159.4,160.07,159.4,159.88,826239.0
2024-08-06 12:30:00,159.19,159.51,158.99,159.39,551880.0
2024-08-06 12:15:00,159.588,159.75,159.04,159.18,683947.0
2024-08-06 12:00:00,159.43,159.69,159.07,159.58,848099.0
2024-08-06 11:45:00,159.23,159.49,158.98,159.415,1259485.0
2024-08-06 11:30:00,158.63,159.3,158.52,159.21,921404.0
2024-08-06 11:15:00,158.97,159.54,158.57,158.61,993195.0
2024-08-06 11:00:00,159.31,159.5,158.81,158.95,996035.0
2024-08-06 10:45:00,158.78,159.58,158.59,159.33,1226504.0
2024-08-06 10:30:00,157.66,158.92,157.0,158.79,1447541.0
2024-08-06 10:15:00,157.075,158.028,156.905,157.66,1609433.0
2024-08-06 10:00:00,156.97,157.4,156.54,157.06,2392316.0
2024-08-06 09:45:00,156.77,157.6,156.41,156.95,2228677.0
2024-08-06 09:30:00,159.33,159.4,156.72,156.78,3056934.0
2024-08-06 09:15:00,159.88,160.18,159.02,159.28,51557.0
2024-08-06 09:00:00,160.0,160.16,159.81,159.96,10470.0
2024-08-06 08:45:00,159.94,160.22,159.8,159.96,9780.0
2024-08-06 08:30:00,160.15,160.15,159.25,159.84,14973.0
2024-08-06 08:15:00,160.09,160.22,159.25,159.25,11385.0
2024-08-06 08:00:00,161.15,164.8,159.25,160.14,43216.0
2024-08-06 07:45:00,160.0,160.33,159.83,160.15,11224.0
2024-08-06 07:30:00,160.49,160.75,159.85,160.0,16634.0
2024-08-06 07:15:00,160.44,160.64,160.36,160.49,10768.0
2024-08-06 07:00:00,160.4,161.0,160.25,160.44,18135.0
2024-08-06 06:45:00,160.47,160.65,160.04,160.37,2023.0
2024-08-06 06:30:00,160.09,160.71,159.89,160.47,5349.0
2024-08-06 06:15:00,159.63,160.07,159.54,160.07,2585.0
2024-08-06 06:00:00,159.5,159.7,159.0,159.67,6305.0
2024-08-06 05:45:00,159.85,160.07,159.25,159.5,9427.0
2024-08-06 05:30:00,160.23,160.23,159.55,159.85,4186.0
2024-08-06 05:15:00,159.74,160.66,159.62,160.23,6757.0
2024-08-06 05:00:00,160.72,160.72,159.5,159.74,5140.0
2024-08-06 04:45:00,160.78,161.0,160.7,160.72,6730.0
2024-08-06 04:30:00,160.65,160.94,160.56,160.75,2771.0
2024-08-06 04:15:00,160.34,161.06,160.03,160.73,10573.0
2024-08-06 04:00:00,160.9,163.46,160.34,160.37,22230.0
2024-08-05 19:45:00,160.55,160.96,160.16,160.9,7862.0
2024-08-05 19:30:00,160.53,160.88,160.0,160.55,14502.0
2024-08-05 19:15:00,160.89,160.89,160.0,160.57,6271.0
2024-08-05 19:00:00,160.38,160.9,160.1,160.89,8812.0
2024-08-05 18:45:00,160.85,160.9,160.04,160.38,4641.0
2024-08-05 18:30:00,161.266,161.27,160.65,160.9,3228.0
2024-08-05 18:15:00,160.57,162.37,160.3,161.25,15178.0
2024-08-05 18:00:00,159.95,161.048,159.93,160.62,10568.0
2024-08-05 17:45:00,159.91,159.99,159.8,159.86,4734.0
2024-08-05 17:30:00,159.9,160.0,148.891,159.81,7746.0
2024-08-05 17:15:00,159.8,166.659,153.851,159.92,12723.0
2024-08-05 17:00:00,160.02,160.1,148.891,159.906,70718.0
2024-08-05 16:45:00,160.14,160.51,159.25,160.0,33254.0
2024-08-05 16:30:00,159.79,160.29,159.54,160.14,13466.0
2024-08-05 16:15:00,159.25,160.43,159.25,159.725,52769.0
2024-08-05 16:00:00,159.27,160.8,159.09,160.27,11294603.0
2024-08-05 15:45:00,158.955,159.41,158.51,159.2,3941572.0
2024-08-05 15:30:00,159.6,159.81,158.78,158.96,2026143.0
2024-08-05 15:15:00,159.37,159.76,158.92,159.6,1974555.0
2024-08-05 15:00:00,158.85,160.21,158.835,159.35,2336013.0
2024-08-05 14:45:00,159.63,160.25,157.51,158.84,5595970.0
2024-08-05 14:30:00,162.37,162.63,159.1,159.6,3443889.0
2024-08-05 14:15:00,161.85,162.41,161.8,162.38,469923.0
2024-08-05 14:00:00,162.89,162.96,161.8,161.85,669395.0
2024-08-05 13:45:00,163.09,163.36,162.83,162.89,487468.0
2024-08-05 13:30:00,162.96,163.35,162.635,163.05,592440.0
2024-08-05 13:15:00,163.21,163.5,162.9,162.97,532249.0
2024-08-05 13:00:00,162.37,163.46,162.33,163.245,594758.0
2024-08-05 12:45:00,162.99,163.17,162.237,162.36,625983.0
2024-08-05 12:30:00,163.605,163.64,162.56,163.05,552524.0
2024-08-05 12:15:00,163.11,163.62,162.825,163.62,462439.0
2024-08-05 12:00:00,162.69,163.153,154.97,163.1,606220.0
2024-08-05 11:45:00,162.93,163.42,162.51,162.7,660676.0
2024-08-05 11:30:00,163.25,163.78,162.8,162.93,818700.0
2024-08-05 11:15:00,164.0,164.43,163.185,163.25,968583.0
2024-08-05 11:00:00,162.37,164.07,161.6,164.01,1318640.0
2024-08-05 10:45:00,161.73,162.87,161.64,162.33,1256975.0
2024-08-05 10:30:00,160.92,162.89,160.7,161.75,1463568.0
2024-08-05 10:15:00,161.5,162.39,155.92,160.91,1738002.0
2024-08-05 10:00:00,160.53,161.66,160.505,161.54,1781656.0
2024-08-05 09:45:00,160.69,162.34,160.48,160.505,3031817.0
2024-08-05 09:30:00,155.5,161.23,154.93,160.7,7094723.0
2024-08-05 09:15:00,157.7,158.49,154.93,155.41,340215.0
2024-08-05 09:00:00,156.09,168.3,155.84,157.79,201508.0
2024-08-05 08:45:00,155.96,156.49,155.1,156.09,93434.0
2024-08-05 08:30:00,156.74,157.14,155.72,155.79,162854.0
2024-08-05 08:15:00,156.28,166.66,155.85,156.68,133608.0
2024-08-05 08:00:00,158.9,166.66,150.22,156.3,166034.0
2024-08-05 07:45:00,157.65,157.76,156.3,157.2,84462.0
2024-08-05 07:30:00,158.0,158.58,157.0,157.65,99797.0
2024-08-05 07:15:00,159.37,159.75,157.89,157.99,46272.0
2024-08-05 07:00:00,157.91,159.63,157.23,159.3,79186.0
2024-08-05 06:45:00,156.71,157.97,156.13,157.79,31751.0
2024-08-05 06:30:00,157.68,158.11,156.1,156.71,45497.0
2024-08-05 06:15:00,158.66,158.82,157.4,157.52,29578.0
2024-08-05 06:00:00,159.26,159.36,158.17,158.55,21347.0
2024-08-05 05:45:00,157.23,159.39,157.1,159.26,22018.0
2024-08-05 05:30:00,158.07,158.42,157.2,157.34,32578.0
2024-08-05 05:15:00,158.12,158.48,157.63,158.23,21126.0
2024-08-05 05:00:00,158.8,159.4,157.75,158.07,14590.0
2024-08-05 04:45:00,159.62,159.76,158.7,158.78,15012.0
2024-08-05 04:30:00,159.56,160.06,159.03,159.46,14453.0
2024-08-05 04:15:00,159.3,160.64,159.05,159.58,29373.0
2024-08-05 04:00:00,158.38,163.7,149.01,159.37,57680.0
2024-08-02 19:45:00,166.28,166.31,166.0,166.29,3174.0
2024-08-02 19:30:00,166.28,166.39,166.25,166.26,1234.0
2024-08-02 19:15:00,166.421,166.45,166.27,166.27,1808.0
2024-08-02 19:00:00,166.45,166.45,166.32,166.45,1315.0
2024-08-02 18:45:00,166.4,166.81,166.26,166.45,1648.0
2024-08-02 18:30:00,166.4,168.81,166.24,166.3,16086.0
2024-08-02 18:15:00,166.27,166.6,166.24,166.24,763.0
2024-08-02 18:00:00,166.12,166.66,166.1,166.3,120604.0
2024-08-02 17:45:00,166.15,166.15,166.01,166.12,810.0
2024-08-02 17:30:00,166.15,166.16,165.94,166.1,3837.0
2024-08-02 17:15:00,166.2,166.26,165.88,166.16,7256.0
2024-08-02 17:00:00,166.15,166.971,165.656,166.06,78330.0
2024-08-02 16:45:00,166.429,166.971,166.001,166.14,121576.0
2024-08-02 16:30:00,166.61,166.83,166.0,166.44,10783.0
2024-08-02 16:15:00,166.66,166.66,166.41,166.61,365626.0
2024-08-02 16:00:00,166.65,166.79,166.464,166.59,7972397.0
2024-08-02 15:45:00,166.09,166.77,165.5,166.68,2721849.0
2024-08-02 15:30:00,166.38,166.66,165.74,166.095,940782.0
2024-08-02 15:15:00,166.125,166.46,166.01,166.39,630336.0
2024-08-02 15:00:00,165.68,166.18,165.53,166.125,549204.0
2024-08-02 14:45:00,165.52,165.93,165.43,165.66,534653.0
2024-08-02 14:30:00,165.45,165.79,165.26,165.52,562970.0
2024-08-02 14:15:00,165.29,165.445,164.86,165.445,779179.0
2024-08-02 14:00:00,165.47,165.47,165.12,165.295,428403.0
2024-08-02 13:45:00,165.38,165.56,165.15,165.47,445554.0
2024-08-02 13:30:00,165.36,165.57,165.2,165.37,398813.0
2024-08-02 13:15:00,165.57,165.71,165.19,165.375,492636.0
2024-08-02 13:00:00,165.19,165.7,164.98,165.59,536210.0
2024-08-02 12:45:00,165.49,165.59,164.97,165.21,501456.0
2024-08-02 12:30:00,165.54,165.86,165.05,165.5,873380.0
2024-08-02 12:15:00,166.23,166.34,165.545,165.545,757867.0
2024-08-02 12:00:00,166.69,167.07,166.025,166.25,506627.0
2024-08-02 11:45:00,166.81,167.03,166.29,166.69,645772.0
2024-08-02 11:30:00,166.31,166.934,166.08,166.81,771068.0
2024-08-02 11:15:00,165.73,166.59,165.58,166.325,933210.0
2024-08-02 11:00:00,165.54,166.1,165.32,165.725,744097.0
2024-08-02 10:45:00,165.2,166.13,165.18,165.53,895849.0
2024-08-02 10:30:00,165.1,165.48,164.815,165.21,596027.0
2024-08-02 10:15:00,164.815,165.46,164.67,165.11,1288716.0
2024-08-02 10:00:00,167.19,167.519,164.715,164.82,1723680.0
2024-08-02 09:45:00,167.71,168.13,166.96,167.175,1335453.0
2024-08-02 09:30:00,166.44,168.51,166.23,167.74,2598550.0
2024-08-02 09:15:00,166.73,166.99,165.65,166.44,183890.0
2024-08-02 09:00:00,166.8,167.01,166.61,166.73,73716.0
2024-08-02 08:45:00,166.8,171.31,166.61,166.79,70572.0
2024-08-02 08:30:00,168.29,168.88,166.26,166.8,125072.0
2024-08-02 08:15:00,167.65,168.49,167.55,168.2,14223.0
2024-08-02 08:00:00,167.896,170.76,167.0,167.58,44051.0
2024-08-02 07:45:00,167.81,167.82,167.35,167.67,13906.0
2024-08-02 07:30:00,167.59,167.96,167.55,167.82,5303.0
2024-08-02 07:15:00,167.79,167.9,167.59,167.66,11782.0
2024-08-02 07:00:00,167.88,168.05,167.75,167.8,11924.0
2024-08-02 06:45:00,168.04,168.16,167.74,167.75,5858.0
2024-08-02 06:30:00,167.98,168.2,167.91,168.04,6020.0
2024-08-02 06:15:00,167.79,168.18,167.74,167.98,12326.0
2024-08-02 06:00:00,168.28,168.3,167.74,167.94,9503.0
2024-08-02 05:45:00,168.14,168.28,168.0,168.21,2590.0
2024-08-02 05:30:00,167.97,168.17,167.9,168.14,13441.0
2024-08-02 05:15:00,168.25,168.38,167.97,167.97,5707.0
2024-08-02 05:00:00,168.8,168.87,168.25,168.25,3396.0
2024-08-02 04:45:00,168.9,168.98,168.58,168.8,8743.0
2024-08-02 04:30:00,168.98,168.98,168.58,168.9,2344.0
2024-08-02 04:15:00,168.1,168.99,168.03,168.99,8411.0
2024-08-02 04:00:00,168.0,169.22,167.75,168.03,14167.0
2024-08-01 19:45:00,170.56,170.76,170.21,170.21,5484.0
2024-08-01 19:30:00,170.45,170.761,170.31,170.65,12156.0
2024-08-01 19:15:00,170.02,170.75,169.33,170.4,6136.0
2024-08-01 19:00:00,169.0,170.58,168.84,170.03,19525.0
2024-08-01 18:45:00,169.32,169.53,168.51,169.09,3097.0
2024-08-01 18:30:00,169.789,169.87,169.26,169.47,3187.0
2024-08-01 18:15:00,169.19,169.82,168.51,169.39,12372.0
2024-08-01 18:00:00,169.43,170.76,168.51,169.1,18791.0
2024-08-01 17:45:00,169.21,169.5,169.06,169.22,5632.0
2024-08-01 17:30:00,169.38,169.5,169.11,169.2,4292.0
2024-08-01 17:15:00,169.5,169.5,168.2,169.11,29612.0
2024-08-01 17:00:00,170.0,170.76,169.27,169.49,170708.0
2024-08-01 16:45:00,169.0,170.76,165.92,170.0,452642.0
2024-08-01 16:30:00,169.07,170.76,168.64,169.01,38774.0
2024-08-01 16:15:00,170.76,170.76,168.59,169.3,154865.0
2024-08-01 16:00:00,170.77,170.78,169.095,169.76,6773750.0
2024-08-01 15:45:00,169.76,170.79,169.75,170.78,2040229.0
2024-08-01 15:30:00,169.69,170.07,169.5,169.75,715021.0
2024-08-01 15:15:00,169.27,169.83,169.13,169.705,537906.0
2024-08-01 15:00:00,169.32,169.55,169.03,169.27,466974.0
2024-08-01 14:45:00,169.085,169.45,169.011,169.31,488788.0
2024-08-01 14:30:00,169.086,169.35,168.88,169.08,366523.0
2024-08-01 14:15:00,169.28,169.46,168.96,169.09,447916.0
2024-08-01 14:00:00,170.01,170.15,169.21,169.278,387933.0
2024-08-01 13:45:00,169.555,170.07,169.17,170.02,467612.0
2024-08-01 13:30:00,169.9,170.0,169.43,169.55,432672.0
2024-08-01 13:15:00,169.78,170.05,169.638,169.89,355680.0
2024-08-01 13:00:00,170.04,170.24,169.72,169.77,353541.0
2024-08-01 12:45:00,170.14,170.51,169.98,170.01,388518.0
2024-08-01 12:30:00,170.46,170.59,169.93,170.16,839802.0
2024-08-01 12:15:00,170.65,171.0,170.165,170.465,669183.0
2024-08-01 12:00:00,170.255,170.9,170.17,170.65,596345.0
2024-08-01 11:45:00,170.42,170.9,170.22,170.25,682033.0
2024-08-01 11:30:00,171.2,171.36,170.43,170.43,588881.0
2024-08-01 11:15:00,171.42,171.625,171.14,171.21,634645.0
2024-08-01 11:00:00,172.37,172.6,171.115,171.44,877351.0
2024-08-01 10:45:00,172.27,172.54,171.85,172.4,777454.0
2024-08-01 10:30:00,172.9,173.19,172.14,172.27,692169.0
2024-08-01 10:15:00,173.59,173.635,172.84,172.9,902136.0
2024-08-01 10:00:00,173.78,174.03,173.28,173.6,966114.0
2024-08-01 09:45:00,172.84,174.05,172.71,173.81,1385291.0
2024-08-01 09:30:00,170.25,172.93,170.25,172.83,2049914.0
2024-08-01 09:15:00,171.56,171.65,169.98,170.15,151431.0
2024-08-01 09:00:00,171.95,172.1,171.41,171.55,25108.0
2024-08-01 08:45:00,171.43,173.515,171.29,171.94,34183.0
2024-08-01 08:30:00,171.27,171.71,171.17,171.481,33962.0
2024-08-01 08:15:00,171.55,171.58,171.23,171.24,44937.0
2024-08-01 08:00:00,171.954,172.71,170.51,171.54,50836.0
2024-08-01 07:45:00,171.15,171.15,170.59,170.8,12945.0
2024-08-01 07:30:00,170.87,171.32,170.58,171.1,26498.0
2024-08-01 07:15:00,171.37,171.37,170.9,170.9,15622.0
2024-08-01 07:00:00,171.51,171.66,171.29,171.39,12604.0
2024-08-01 06:45:00,171.43,171.55,171.43,171.51,352.0
2024-08-01 06:30:00,171.58,171.58,171.38,171.47,2884.0
2024-08-01 06:15:00,171.51,171.58,171.51,171.58,728.0
2024-08-01 06:00:00,171.57,171.57,171.38,171.57,3245.0
2024-08-01 05:45:00,171.4,171.64,171.3,171.57,6264.0
2024-08-01 05:30:00,171.45,171.54,171.33,171.35,1426.0
2024-08-01 05:15:00,171.26,171.45,171.21,171.38,857.0
2024-08-01 05:00:00,171.24,171.29,171.15,171.18,800.0
2024-08-01 04:45:00,171.34,171.39,171.16,171.16,2064.0
2024-08-01 04:30:00,171.39,171.51,171.23,171.31,4242.0
2024-08-01 04:15:00,171.39,171.51,171.14,171.37,11115.0
2024-08-01 04:00:00,172.08,172.84,171.36,171.39,10872.0
2024-07-31 19:45:00,172.27,172.35,172.1,172.16,9060.0
2024-07-31 19:30:00,172.01,172.33,171.87,172.29,5152.0
2024-07-31 19:15:00,171.74,172.3,171.74,172.08,7844.0
2024-07-31 19:00:00,171.3,171.9,171.24,171.74,5566.0
2024-07-31 18:45:00,171.2,171.32,171.0,171.29,4843.0
2024-07-31 18:30:00,171.02,171.33,171.0,171.01,7544.0
2024-07-31 18:15:00,171.14,171.3,171.0,171.04,17708.0
2024-07-31 18:00:00,171.2,171.32,171.0,171.15,9457.0
2024-07-31 17:45:00,170.88,171.34,170.66,171.0,10156.0
2024-07-31 17:30:00,170.7,170.9,170.6,170.88,5944.0
2024-07-31 17:15:00,170.548,171.54,170.28,170.72,12924.0
2024-07-31 17:00:00,171.35,171.62,169.64,170.61,77850.0
2024-07-31 16:45:00,171.09,171.54,160.113,171.32,213000.0
2024-07-31 16:30:00,171.2,171.54,170.79,171.144,1661450.0
2024-07-31 16:15:00,171.54,171.96,171.06,171.06,74541.0
2024-07-31 16:00:00,171.49,172.817,171.46,171.76,11568922.0
2024-07-31 15:45:00,171.56,171.92,170.64,171.52,2951819.0
2024-07-31 15:30:00,170.69,171.66,170.509,171.58,721478.0
2024-07-31 15:15:00,171.41,171.81,170.51,170.66,811039.0
2024-07-31 15:00:00,171.3,171.53,170.99,171.38,442251.0
2024-07-31 14:45:00,171.42,171.615,171.19,171.26,381491.0
2024-07-31 14:30:00,171.16,171.56,170.7,171.44,389725.0
2024-07-31 14:15:00,170.97,171.23,170.968,171.14,309641.0
2024-07-31 14:00:00,170.68,171.24,170.34,170.955,412974.0
2024-07-31 13:45:00,170.41,170.65,170.31,170.61,419710.0
2024-07-31 13:30:00,170.49,170.57,170.01,170.43,412304.0
2024-07-31 13:15:00,170.63,170.81,170.31,170.49,328350.0
2024-07-31 13:00:00,170.52,170.81,170.48,170.64,267113.0
2024-07-31 12:45:00,170.91,171.01,170.48,170.51,209783.0
2024-07-31 12:30:00,170.53,170.96,170.4,170.94,277902.0
2024-07-31 12:15:00,171.19,171.19,170.33,170.529,476999.0
2024-07-31 12:00:00,171.38,171.42,171.0,171.18,257106.0
2024-07-31 11:45:00,171.315,171.45,171.14,171.35,308760.0
2024-07-31 11:30:00,171.59,171.86,171.1,171.31,340146.0
2024-07-31 11:15:00,171.94,172.1,171.32,171.585,1664051.0
2024-07-31 11:00:00,171.954,172.13,171.78,171.99,387498.0
2024-07-31 10:45:00,172.04,172.19,171.71,171.96,438107.0
2024-07-31 10:30:00,172.03,172.554,171.95,172.02,427849.0
2024-07-31 10:15:00,171.645,172.28,171.51,171.995,533681.0
2024-07-31 10:00:00,172.29,172.315,171.58,171.67,578284.0
2024-07-31 09:45:00,171.56,172.315,171.26,172.28,698371.0
2024-07-31 09:30:00,173.24,174.245,171.35,171.54,2152984.0
2024-07-31 09:15:00,173.112,173.41,172.51,173.29,103398.0
2024-07-31 09:00:00,173.0,173.22,172.75,173.07,22162.0
2024-07-31 08:45:00,172.29,173.07,172.25,172.999,80367.0
2024-07-31 08:30:00,171.8,172.45,171.69,172.19,72039.0
2024-07-31 08:15:00,171.55,180.87,171.48,171.8,48443.0
2024-07-31 08:00:00,171.01,171.94,170.29,171.58,39850.0
2024-07-31 07:45:00,171.55,171.76,171.52,171.53,12400.0
2024-07-31 07:30:00,171.57,171.59,171.39,171.55,7674.0
2024-07-31 07:15:00,171.64,171.69,171.5,171.52,19459.0
2024-07-31 07:00:00,171.57,171.7,171.38,171.64,15409.0
2024-07-31 06:45:00,171.5,171.65,171.35,171.63,2473.0
2024-07-31 06:30:00,171.52,171.55,171.39,171.4,3019.0
2024-07-31 06:15:00,171.58,171.66,171.45,171.5,2939.0
2024-07-31 06:00:00,171.6,171.68,171.51,171.6,2405.0
2024-07-31 05:45:00,171.6,171.69,171.43,171.57,1838.0
2024-07-31 05:30:00,171.43,171.73,171.41,171.61,1856.0
2024-07-31 05:15:00,171.51,171.56,171.36,171.45,1714.0
2024-07-31 05:00:00,171.54,171.56,171.35,171.52,2587.0
2024-07-31 04:45:00,171.5,171.59,171.42,171.47,2013.0
2024-07-31 04:30:00,171.4,171.77,171.4,171.51,4221.0
2024-07-31 04:15:00,171.12,171.5,171.11,171.4,6775.0
2024-07-31 04:00:00,171.47,171.5,170.82,171.12,8936.0
2024-07-30 19:45:00,169.75,169.9,169.59,169.9,8257.0
2024-07-30 19:30:00,169.76,169.82,169.55,169.8,4582.0
2024-07-30 19:15:00,169.5,169.8,169.25,169.63,3024.0
2024-07-30 19:00:00,169.55,169.75,169.05,169.5,2242.0
2024-07-30 18:45:00,169.06,169.9,169.06,169.6,9692.0
2024-07-30 18:30:00,169.5,169.89,168.8,169.2,9095.0
2024-07-30 18:15:00,169.75,169.9,169.5,169.59,18642.0
2024-07-30 18:00:00,169.07,169.9,169.01,169.7,22755.0
2024-07-30 17:45:00,169.28,169.31,169.0,169.19,6912.0
2024-07-30 17:30:00,168.88,170.29,168.51,169.3,70460.0
2024-07-30 17:15:00,169.2,169.2,168.65,168.9,6944.0
2024-07-30 17:00:00,161.769,169.936,161.769,169.05,14704.0
2024-07-30 16:45:00,168.86,175.344,161.769,168.9,189157.0
2024-07-30 16:30:00,168.95,169.32,168.75,168.88,27571.0
2024-07-30 16:15:00,170.29,170.29,168.78,168.96,44903.0
2024-07-30 16:00:00,170.26,170.39,168.55,168.79,6976487.0
2024-07-30 15:45:00,170.09,170.75,169.85,170.28,1784444.0
2024-07-30 15:30:00,170.27,170.27,169.8,170.08,629607.0
2024-07-30 15:15:00,169.88,170.43,169.88,170.3,494298.0
2024-07-30 15:00:00,170.065,170.065,169.78,169.88,253700.0
2024-07-30 14:45:00,170.135,170.155,169.783,170.06,243756.0
2024-07-30 14:30:00,170.086,170.239,170.0,170.13,232346.0
2024-07-30 14:15:00,170.025,170.32,169.98,170.085,347626.0
2024-07-30 14:00:00,169.978,170.116,169.7,170.02,674166.0
2024-07-30 13:45:00,169.7,170.025,169.56,169.966,331291.0
2024-07-30 13:30:00,169.5,169.705,169.27,169.69,373723.0
2024-07-30 13:15:00,169.26,169.5,169.06,169.5,364065.0
2024-07-30 13:00:00,168.7,169.263,168.44,169.26,426200.0
2024-07-30 12:45:00,169.03,169.11,168.62,168.7,416067.0
2024-07-30 12:30:00,169.29,169.29,168.82,169.03,457301.0
2024-07-30 12:15:00,169.32,169.37,169.03,169.3,364084.0
2024-07-30 12:00:00,169.36,169.615,169.06,169.33,482618.0
2024-07-30 11:45:00,169.47,169.66,169.34,169.37,414282.0
2024-07-30 11:30:00,169.55,169.77,169.24,169.46,723262.0
2024-07-30 11:15:00,169.1,169.8,169.1,169.55,485688.0
2024-07-30 11:00:00,169.95,170.11,169.08,169.08,548006.0
2024-07-30 10:45:00,169.97,170.34,169.851,169.94,395073.0
2024-07-30 10:30:00,170.19,170.19,169.6,169.97,460388.0
2024-07-30 10:15:00,170.25,170.46,169.95,170.18,426279.0
2024-07-30 10:00:00,169.92,170.4,169.51,170.24,501784.0
2024-07-30 09:45:00,171.15,171.22,169.39,169.97,681881.0
2024-07-30 09:30:00,170.24,171.23,170.0,171.13,1400683.0
2024-07-30 09:15:00,170.28,170.61,169.86,170.18,87236.0
2024-07-30 09:00:00,170.31,170.45,169.365,170.25,13395.0
2024-07-30 08:45:00,170.33,170.4,170.253,170.39,7565.0
2024-07-30 08:30:00,169.53,170.41,169.53,170.37,6127.0
2024-07-30 08:15:00,170.36,170.4,170.18,170.19,8655.0
2024-07-30 08:00:00,170.11,170.649,168.44,170.37,27225.0
2024-07-30 07:45:00,170.31,170.4,170.24,170.24,4728.0
2024-07-30 07:30:00,170.3,170.39,170.2,170.31,5498.0
2024-07-30 07:15:00,170.17,170.38,170.09,170.22,6962.0
2024-07-30 07:00:00,170.35,170.41,170.01,170.16,12084.0
2024-07-30 06:45:00,170.41,170.41,170.31,170.38,1502.0
2024-07-30 06:30:00,170.41,170.54,170.36,170.38,1958.0
2024-07-30 06:15:00,170.48,170.55,170.22,170.41,4258.0
2024-07-30 06:00:00,170.54,170.61,170.41,170.46,2795.0
2024-07-30 05:45:00,170.09,170.68,170.09,170.54,7491.0
2024-07-30 05:30:00,170.14,170.21,169.96,170.0,892.0
2024-07-30 05:15:00,170.25,170.34,169.9,170.05,5198.0
2024-07-30 05:00:00,169.99,170.31,169.94,170.25,3999.0
2024-07-30 04:45:00,170.01,170.1,169.94,170.0,3866.0
2024-07-30 04:30:00,169.63,170.07,169.63,170.02,6566.0
2024-07-30 04:15:00,169.35,169.6,169.27,169.6,7825.0
2024-07-30 04:00:00,169.5,169.55,168.8,169.34,11881.0
2024-07-29 19:45:00,168.25,168.327,168.0,168.05,10341.0
2024-07-29 19:30:00,168.825,168.99,168.25,168.3,6819.0
2024-07-29 19:15:00,168.88,169.01,168.81,168.88,961.0
2024-07-29 19:00:00,169.27,169.27,168.8,168.95,2710.0
2024-07-29 18:45:00,169.27,169.27,168.97,169.12,1502.0
2024-07-29 18:30:00,169.0,169.27,168.958,169.2,2560.0
2024-07-29 18:15:00,169.0,169.53,168.83,168.85,1569.0
2024-07-29 18:00:00,168.97,169.01,168.85,168.99,3574.0
2024-07-29 17:45:00,168.98,169.53,168.83,168.98,2322.0
2024-07-29 17:30:00,168.92,169.0,168.75,168.93,2527.0
2024-07-29 17:15:00,168.95,169.0,168.76,169.0,1525.0
2024-07-29 17:00:00,169.3,172.172,115.685,169.0,21237.0
2024-07-29 16:45:00,169.53,169.53,160.792,169.46,890921.0
2024-07-29 16:30:00,169.46,169.69,168.7,169.3,73703.0
2024-07-29 16:15:00,169.41,169.53,169.09,169.46,775591.0
2024-07-29 16:00:00,169.51,169.69,169.32,169.34,4430800.0
2024-07-29 15:45:00,170.0,170.075,169.29,169.51,1454612.0
2024-07-29 15:30:00,169.66,170.075,169.62,170.005,686855.0
2024-07-29 15:15:00,169.555,169.78,169.37,169.65,365404.0
2024-07-29 15:00:00,169.355,169.62,169.22,169.57,715156.0
2024-07-29 14:45:00,169.14,169.4,168.89,169.36,308178.0
2024-07-29 14:30:00,169.37,169.42,169.11,169.12,337937.0
2024-07-29 14:15:00,169.72,169.78,169.37,169.39,329539.0
2024-07-29 14:00:00,169.947,169.95,169.52,169.72,275565.0
2024-07-29 13:45:00,170.09,170.27,169.91,169.94,281809.0
2024-07-29 13:30:00,169.64,170.18,169.54,170.08,306283.0
2024-07-29 13:15:00,170.24,170.38,169.62,169.62,560268.0
2024-07-29 13:00:00,169.93,170.43,169.91,170.23,336076.0
2024-07-29 12:45:00,169.9,170.1,169.6,169.91,349772.0
2024-07-29 12:30:00,169.72,170.24,169.72,169.9,707703.0
2024-07-29 12:15:00,169.68,170.06,169.49,169.72,555469.0
2024-07-29 12:00:00,169.03,169.75,169.03,169.7,485817.0
2024-07-29 11:45:00,168.25,169.057,168.23,169.02,424036.0
2024-07-29 11:30:00,168.605,168.65,167.99,168.26,368729.0
2024-07-29 11:15:00,168.51,168.66,168.164,168.59,418658.0
2024-07-29 11:00:00,168.63,168.87,168.363,168.48,517417.0
2024-07-29 10:45:00,169.19,169.43,168.55,168.63,606402.0
2024-07-29 10:30:00,169.08,169.43,168.8,169.18,467167.0
2024-07-29 10:15:00,168.75,169.28,168.24,169.088,762445.0
2024-07-29 10:00:00,169.88,170.15,168.625,168.79,1066053.0
2024-07-29 09:45:00,169.385,169.885,169.21,169.88,1053893.0
2024-07-29 09:30:00,168.83,169.57,168.42,169.37,2026803.0
2024-07-29 09:15:00,168.85,169.28,168.33,168.88,73098.0
2024-07-29 09:00:00,169.17,169.18,168.71,168.9,14194.0
2024-07-29 08:45:00,169.3,169.34,164.78,169.15,17147.0
2024-07-29 08:30:00,169.13,169.65,169.1,169.28,28981.0
2024-07-29 08:15:00,168.988,169.16,168.75,169.09,20542.0
2024-07-29 08:00:00,168.007,169.281,167.0,168.92,61160.0
2024-07-29 07:45:00,168.77,168.99,168.74,168.88,3480.0
2024-07-29 07:30:00,168.84,168.98,168.72,168.73,10044.0
2024-07-29 07:15:00,168.7,169.0,168.62,168.9,8686.0
2024-07-29 07:00:00,169.14,169.25,168.68,168.68,20182.0
2024-07-29 06:45:00,169.24,169.29,169.07,169.16,6970.0
2024-07-29 06:30:00,169.01,169.27,169.0,169.23,3112.0
2024-07-29 06:15:00,168.86,169.07,168.86,169.06,4360.0
2024-07-29 06:00:00,168.79,168.93,168.73,168.88,3314.0
2024-07-29 05:45:00,168.68,168.98,168.66,168.79,6980.0
2024-07-29 05:30:00,168.67,168.72,168.58,168.7,1997.0
2024-07-29 05:15:00,168.32,168.75,168.23,168.64,12530.0
2024-07-29 05:00:00,168.28,168.35,168.18,168.27,4630.0
2024-07-29 04:45:00,168.09,168.3,168.0,168.29,2304.0
2024-07-29 04:30:00,168.36,168.36,168.0,168.09,5580.0
2024-07-29 04:15:00,168.42,168.62,168.19,168.36,3730.0
2024-07-29 04:00:00,167.33,168.5,167.33,168.37,8403.0
2024-07-26 19:45:00,167.03,167.03,166.88,166.88,3135.0
2024-07-26 19:30:00,167.0,167.03,166.88,167.01,5615.0
2024-07-26 19:15:00,167.138,167.138,167.0,167.0,3141.0
2024-07-26 19:00:00,167.05,167.14,167.0,167.13,1104.0
2024-07-26 18:45:00,166.95,167.27,166.92,167.1,12222.0
2024-07-26 18:30:00,167.0,167.0,166.88,166.96,1303.0
2024-07-26 18:15:00,166.88,167.0,166.85,166.997,8250.0
2024-07-26 18:00:00,166.998,167.0,166.85,166.85,4354.0
2024-07-26 17:45:00,166.95,167.0,166.81,166.91,1196.0
2024-07-26 17:30:00,167.0,167.0,166.8,166.95,679157.0
2024-07-26 17:15:00,167.0,167.0,166.76,166.97,4258.0
2024-07-26 17:00:00,166.95,167.05,166.94,166.98,943812.0
2024-07-26 16:45:00,166.99,169.689,163.484,167.0,13640.0
2024-07-26 16:30:00,167.0,174.812,166.92,166.98,68082.0
2024-07-26 16:15:00,167.0,167.03,166.89,166.98,9542.0
2024-07-26 16:00:00,166.99,167.05,166.25,167.03,6524325.0
2024-07-26 15:45:00,167.29,167.32,166.29,166.99,2117645.0
2024-07-26 15:30:00,166.875,167.3,166.0,167.29,1143220.0
2024-07-26 15:15:00,166.89,166.94,166.59,166.87,765760.0
2024-07-26 15:00:00,166.61,166.96,165.0,166.9,1324886.0
2024-07-26 14:45:00,166.975,167.12,166.555,166.61,435318.0
2024-07-26 14:30:00,166.78,167.125,166.36,166.97,478174.0
2024-07-26 14:15:00,166.87,167.145,166.745,166.77,472889.0
2024-07-26 14:00:00,167.07,167.24,166.4,166.86,1419471.0
2024-07-26 13:45:00,166.81,167.21,166.49,167.09,765825.0
2024-07-26 13:30:00,167.65,167.71,166.46,166.81,802163.0
2024-07-26 13:15:00,167.7,167.935,167.37,167.66,631829.0
2024-07-26 13:00:00,167.84,168.09,167.37,167.715,726970.0
2024-07-26 12:45:00,167.43,167.93,167.36,167.83,1089365.0
2024-07-26 12:30:00,166.82,167.5,166.815,167.42,817107.0
2024-07-26 12:15:00,166.98,167.03,166.56,166.81,544011.0
2024-07-26 12:00:00,166.58,167.1,166.53,166.96,831841.0
2024-07-26 11:45:00,166.13,166.9,166.06,166.58,730193.0
2024-07-26 11:30:00,166.17,166.58,165.83,166.12,897300.0
2024-07-26 11:15:00,166.52,166.6,165.95,166.17,919977.0
2024-07-26 11:00:00,166.48,167.02,166.26,166.52,1197590.0
2024-07-26 10:45:00,166.32,166.554,165.88,166.49,1122319.0
2024-07-26 10:30:00,165.9,166.785,165.471,166.305,1710124.0
2024-07-26 10:15:00,164.85,166.25,164.8,165.9,2392285.0
2024-07-26 10:00:00,164.9,165.23,164.265,164.86,2674914.0
2024-07-26 09:45:00,165.26,165.3,164.06,164.97,3173858.0
2024-07-26 09:30:00,167.15,167.15,164.46,165.25,5904996.0
2024-07-26 09:15:00,167.45,168.2,166.81,167.0,148733.0
2024-07-26 09:00:00,166.99,172.56,166.81,167.38,45355.0
2024-07-26 08:45:00,167.68,167.68,166.77,166.98,65203.0
2024-07-26 08:30:00,167.95,168.17,167.39,167.59,59249.0
2024-07-26 08:15:00,167.95,168.0,167.28,167.91,29127.0
2024-07-26 08:00:00,167.97,168.86,166.49,167.96,89970.0
2024-07-26 07:45:00,167.84,168.0,167.83,167.97,17940.0
2024-07-26 07:30:00,167.69,167.9,167.67,167.84,15696.0
2024-07-26 07:15:00,167.95,168.07,167.61,167.65,19622.0
2024-07-26 07:00:00,168.32,168.44,167.8,167.92,18776.0
2024-07-26 06:45:00,168.5,168.53,168.3,168.35,4378.0
2024-07-26 06:30:00,168.52,168.66,168.48,168.52,2492.0
2024-07-26 06:15:00,168.67,168.72,168.37,168.48,4365.0
2024-07-26 06:00:00,168.55,168.75,168.5,168.64,3723.0
2024-07-26 05:45:00,168.36,168.59,168.35,168.55,4141.0
2024-07-26 05:30:00,168.35,168.49,168.28,168.39,3617.0
2024-07-26 05:15:00,168.6,168.71,168.23,168.3,5421.0
2024-07-26 05:00:00,168.89,168.89,168.31,168.53,7092.0
2024-07-26 04:45:00,168.51,168.9,168.5,168.89,10373.0
2024-07-26 04:30:00,168.62,168.92,168.51,168.53,11458.0
2024-07-26 04:15:00,168.21,168.64,168.2,168.5,10541.0
2024-07-26 04:00:00,168.03,168.5,167.82,168.23,19860.0
2024-07-25 19:45:00,166.27,166.35,166.02,166.35,20168.0
2024-07-25 19:30:00,166.649,166.65,166.12,166.3,21809.0
2024-07-25 19:15:00,166.6,166.75,166.5,166.65,9481.0
2024-07-25 19:00:00,166.72,166.77,166.41,166.51,2579.0
2024-07-25 18:45:00,166.79,166.8,166.56,166.63,3495.0
2024-07-25 18:30:00,166.85,167.0,166.46,166.8,7511.0
2024-07-25 18:15:00,166.53,167.28,166.35,166.9,29810.0
2024-07-25 18:00:00,166.08,167.28,166.07,166.49,53945.0
2024-07-25 17:45:00,166.44,166.46,166.0,166.07,17678.0
2024-07-25 17:30:00,166.33,167.5,166.3,166.44,1133659.0
2024-07-25 17:15:00,166.14,166.33,166.06,166.23,18411.0
2024-07-25 17:00:00,155.005,167.28,155.005,166.14,33566.0
2024-07-25 16:45:00,166.25,167.28,155.005,166.54,512430.0
2024-07-25 16:30:00,166.82,167.28,165.99,166.25,83969.0
2024-07-25 16:15:00,166.85,172.68,166.74,166.88,290204.0
2024-07-25 16:00:00,167.23,167.5,166.72,166.81,8398440.0
2024-07-25 15:45:00,168.91,168.98,167.19,167.23,4359609.0
2024-07-25 15:30:00,170.04,170.08,168.82,168.91,1166576.0
2024-07-25 15:15:00,169.02,170.21,168.985,170.04,920317.0
2024-07-25 15:00:00,169.205,169.55,168.9,169.01,804910.0
2024-07-25 14:45:00,169.41,169.52,168.75,169.21,1050568.0
2024-07-25 14:30:00,168.655,169.495,168.62,169.381,1394579.0
2024-07-25 14:15:00,169.261,169.36,168.135,168.62,3005258.0
2024-07-25 14:00:00,172.64,172.745,169.16,169.3,4628558.0
2024-07-25 13:45:00,172.57,172.69,172.22,172.64,485764.0
2024-07-25 13:30:00,172.26,172.64,172.13,172.57,419217.0
2024-07-25 13:15:00,172.87,172.9,172.16,172.25,510665.0
2024-07-25 13:00:00,172.83,173.358,172.77,172.867,490410.0
2024-07-25 12:45:00,172.56,172.98,172.36,172.82,543032.0
2024-07-25 12:30:00,172.815,172.99,172.48,172.56,584162.0
2024-07-25 12:15:00,172.45,173.13,169.6,172.83,706409.0
2024-07-25 12:00:00,171.9,172.485,171.547,172.455,715313.0
2024-07-25 11:45:00,171.5,172.04,171.341,171.895,549976.0
2024-07-25 11:30:00,172.01,172.13,171.16,171.5,629473.0
2024-07-25 11:15:00,172.51,172.66,171.67,172.0,823422.0
2024-07-25 11:00:00,172.06,172.55,171.45,172.48,908170.0
2024-07-25 10:45:00,171.079,172.29,171.0,172.05,1555477.0
2024-07-25 10:30:00,169.74,171.09,169.67,171.073,1459141.0
2024-07-25 10:15:00,168.44,169.79,168.16,169.75,1609576.0
2024-07-25 10:00:00,169.335,169.43,167.66,168.401,3146990.0
2024-07-25 09:45:00,170.33,170.78,169.22,169.35,2246362.0
2024-07-25 09:30:00,172.52,173.42,170.34,170.35,2780749.0
2024-07-25 09:15:00,172.0,172.55,171.75,172.47,55754.0
2024-07-25 09:00:00,172.24,172.3,171.53,172.0,38182.0
2024-07-25 08:45:00,171.98,174.85,171.85,172.29,32196.0
2024-07-25 08:30:00,171.48,172.63,170.91,171.92,50364.0
2024-07-25 08:15:00,171.66,171.78,171.14,171.4,16808.0
2024-07-25 08:00:00,171.94,173.24,171.06,171.66,65409.0
2024-07-25 07:45:00,171.98,171.99,171.35,171.36,11498.0
2024-07-25 07:30:00,171.79,172.05,171.75,171.95,10085.0
2024-07-25 07:15:00,172.07,172.25,171.69,171.8,7197.0
2024-07-25 07:00:00,171.77,172.26,171.6,172.1,16317.0
2024-07-25 06:45:00,171.25,171.75,171.2,171.65,4378.0
2024-07-25 06:30:00,171.09,171.59,171.0,171.2,4828.0
2024-07-25 06:15:00,171.54,171.99,171.0,171.01,16297.0
2024-07-25 06:00:00,171.99,172.3,171.49,171.49,5377.0
2024-07-25 05:45:00,172.22,172.32,171.9,171.98,2978.0
2024-07-25 05:30:00,172.46,172.63,172.07,172.17,1665.0
2024-07-25 05:15:00,172.64,172.71,172.2,172.4,3449.0
2024-07-25 05:00:00,172.6,173.2,172.47,172.64,11693.0
2024-07-25 04:45:00,172.21,172.63,171.96,172.63,15964.0
2024-07-25 04:30:00,171.64,172.3,171.51,172.19,11372.0
2024-07-25 04:15:00,171.31,171.72,171.02,171.67,20051.0
2024-07-25 04:00:00,172.88,173.1,171.1,171.31,14228.0
2024-07-24 19:45:00,172.89,172.91,172.64,172.8,11926.0
2024-07-24 19:30:00,172.88,173.0,172.66,172.74,8516.0
2024-07-24 19:15:00,172.87,173.14,172.84,172.88,8440.0
2024-07-24 19:00:00,172.98,173.0,172.8,172.86,7034.0
2024-07-24 18:45:00,172.98,173.0,172.68,172.9,5221.0
2024-07-24 18:30:00,173.01,173.05,172.94,173.0,9621.0
2024-07-24 18:15:00,173.13,173.5,172.93,173.04,8440.0
2024-07-24 18:00:00,172.781,173.27,172.78,173.147,14037.0
2024-07-24 17:45:00,172.89,172.9,172.65,172.78,9201.0
2024-07-24 17:30:00,172.8,172.94,172.71,172.89,6599.0
2024-07-24 17:15:00,172.94,173.18,172.63,172.88,42623.0
2024-07-24 17:00:00,172.94,172.99,161.992,172.9,9085.0
2024-07-24 16:45:00,173.1,173.1,167.857,172.94,61730.0
2024-07-24 16:30:00,172.99,173.24,172.63,173.1,56232.0
2024-07-24 16:15:00,172.63,173.347,172.2,172.99,35226.0
2024-07-24 16:00:00,172.6,174.94,172.16,172.66,11043274.0
2024-07-24 15:45:00,172.83,173.24,172.23,172.56,3186949.0
2024-07-24 15:30:00,172.49,173.3,172.36,172.837,1299458.0
2024-07-24 15:15:00,172.29,172.53,172.01,172.48,1294747.0
2024-07-24 15:00:00,172.6,172.71,172.2,172.29,925971.0
2024-07-24 14:45:00,172.34,172.63,172.16,172.61,2778335.0
2024-07-24 14:30:00,172.64,172.88,172.29,172.34,707104.0
2024-07-24 14:15:00,172.57,173.06,172.36,172.648,896980.0
2024-07-24 14:00:00,173.35,173.41,172.3,172.56,1620931.0
2024-07-24 13:45:00,173.45,173.7,173.33,173.35,585963.0
2024-07-24 13:30:00,173.19,173.84,173.075,173.46,799423.0
2024-07-24 13:15:00,173.52,173.738,173.061,173.21,834750.0
2024-07-24 13:00:00,172.54,173.74,172.492,173.5,976080.0
2024-07-24 12:45:00,172.625,173.0,172.41,172.55,832478.0
2024-07-24 12:30:00,172.45,173.2,172.41,172.63,824620.0
2024-07-24 12:15:00,172.59,172.92,172.27,172.44,1115677.0
2024-07-24 12:00:00,172.55,172.81,172.23,172.56,1576542.0
2024-07-24 11:45:00,173.34,173.4,172.5,172.55,1129249.0
2024-07-24 11:30:00,173.858,174.28,173.205,173.34,1045540.0
2024-07-24 11:15:00,175.03,175.04,173.37,173.85,1545373.0
2024-07-24 11:00:00,174.975,175.42,174.87,175.03,1213236.0
2024-07-24 10:45:00,174.94,175.22,174.09,174.96,1418588.0
2024-07-24 10:30:00,175.02,175.5,174.61,174.97,1569967.0
2024-07-24 10:15:00,175.155,175.856,175.02,175.06,1572564.0
2024-07-24 10:00:00,175.65,176.19,174.68,175.145,2317569.0
2024-07-24 09:45:00,174.41,175.82,173.92,175.67,3021347.0
2024-07-24 09:30:00,173.6,174.65,171.82,174.39,6426323.0
2024-07-24 09:15:00,173.89,174.2,173.48,173.63,153331.0
2024-07-24 09:00:00,173.9,174.49,173.68,173.76,214800.0
2024-07-24 08:45:00,173.58,173.98,173.4,173.89,89655.0
2024-07-24 08:30:00,174.0,182.42,173.43,173.6,155310.0
2024-07-24 08:15:00,174.48,174.5,173.85,174.0,130490.0
2024-07-24 08:00:00,175.17,181.79,174.32,174.46,253129.0
2024-07-24 07:45:00,174.78,175.36,174.74,175.18,26385.0
2024-07-24 07:30:00,175.51,175.6,174.59,174.81,73506.0
2024-07-24 07:15:00,175.42,175.56,175.02,175.51,38627.0
2024-07-24 07:00:00,176.0,176.26,175.02,175.42,79635.0
2024-07-24 06:45:00,175.93,176.27,175.84,176.0,27141.0
2024-07-24 06:30:00,176.18,176.35,175.6,175.94,43083.0
2024-07-24 06:15:00,175.57,176.39,175.54,176.22,18544.0
2024-07-24 06:00:00,175.25,175.63,175.24,175.56,68838.0
2024-07-24 05:45:00,175.63,175.82,175.25,175.28,86269.0
2024-07-24 05:30:00,175.76,176.0,175.6,175.6,20784.0
2024-07-24 05:15:00,176.28,176.33,175.66,175.76,24988.0
2024-07-24 05:00:00,176.92,176.97,176.23,176.29,41539.0
2024-07-24 04:45:00,176.48,176.98,176.37,176.91,11172.0
2024-07-24 04:30:00,176.34,176.73,175.9,176.48,21995.0
2024-07-24 04:15:00,177.58,177.58,176.12,176.34,21752.0
2024-07-24 04:00:00,177.6,178.97,177.54,177.63,14262.0
2024-07-23 19:45:00,178.1,178.14,177.764,177.83,41697.0
2024-07-23 19:30:00,177.951,178.14,177.951,178.1,19515.0
2024-07-23 19:15:00,177.903,178.0,177.903,177.951,21930.0
2024-07-23 19:00:00,178.303,178.303,177.67,177.912,55613.0
2024-07-23 18:45:00,178.641,178.87,178.093,178.302,30324.0
2024-07-23 18:30:00,178.74,178.99,178.59,178.67,30131.0
2024-07-23 18:15:00,178.6,178.99,178.43,178.613,29823.0
2024-07-23 18:00:00,178.803,179.75,178.52,178.6,76691.0
2024-07-23 17:45:00,178.504,179.01,178.16,178.802,63430.0
2024-07-23 17:30:00,179.29,181.79,178.0,178.504,184571.0
2024-07-23 17:15:00,180.05,180.05,177.05,179.26,847801.0
2024-07-23 17:00:00,182.76,185.2,179.304,180.05,730328.0
2024-07-23 16:45:00,184.96,186.0,181.79,182.75,1918084.0
2024-07-23 16:30:00,183.99,187.18,183.41,184.765,900910.0
2024-07-23 16:15:00,181.358,184.56,180.49,183.727,1058669.0
2024-07-23 16:00:00,181.81,186.66,173.66,181.23,7666041.0
2024-07-23 15:45:00,182.6,182.715,181.54,181.81,2950765.0
2024-07-23 15:30:00,182.94,183.28,182.53,182.61,1525828.0
2024-07-23 15:15:00,182.9,183.04,182.825,182.95,1246922.0
2024-07-23 15:00:00,182.91,183.02,182.71,182.9,890962.0
2024-07-23 14:45:00,182.855,182.93,182.61,182.905,751771.0
2024-07-23 14:30:00,182.92,183.18,182.85,182.85,585538.0
2024-07-23 14:15:00,183.43,183.515,182.76,182.91,945175.0
2024-07-23 14:00:00,182.97,183.61,182.925,183.42,1164510.0
2024-07-23 13:45:00,182.67,183.085,182.62,182.99,507541.0
2024-07-23 13:30:00,182.78,182.852,182.54,182.66,520003.0
2024-07-23 13:15:00,182.315,182.92,182.28,182.78,525721.0
2024-07-23 13:00:00,182.64,182.84,182.3,182.31,592773.0
2024-07-23 12:45:00,182.415,182.96,182.39,182.64,521228.0
2024-07-23 12:30:00,182.55,182.93,182.34,182.41,607994.0
2024-07-23 12:15:00,182.78,182.88,182.09,182.54,1381709.0
2024-07-23 12:00:00,182.7,182.87,182.266,182.786,865325.0
2024-07-23 11:45:00,182.75,182.95,182.64,182.704,616385.0
2024-07-23 11:30:00,183.0,183.05,182.7,182.745,653553.0
2024-07-23 11:15:00,182.61,183.03,182.61,183.005,876949.0
2024-07-23 11:00:00,182.165,182.61,182.04,182.601,638937.0
2024-07-23 10:45:00,182.33,182.34,181.89,182.15,902353.0
2024-07-23 10:30:00,182.98,183.06,182.28,182.32,755283.0
2024-07-23 10:15:00,182.57,183.34,182.57,182.97,889218.0
2024-07-23 10:00:00,183.17,183.17,182.49,182.59,872200.0
2024-07-23 09:45:00,183.21,183.33,182.45,183.15,1182263.0
2024-07-23 09:30:00,182.05,183.21,181.9,183.177,1769862.0
2024-07-23 09:15:00,181.921,182.31,181.67,182.1,63822.0
2024-07-23 09:00:00,181.86,182.05,181.7,181.921,24057.0
2024-07-23 08:45:00,181.88,182.06,181.784,181.831,27554.0
2024-07-23 08:30:00,181.863,181.97,181.65,181.89,33049.0
2024-07-23 08:15:00,182.044,182.22,181.502,181.95,28825.0
2024-07-23 08:00:00,182.2,183.0,181.114,182.033,114465.0
2024-07-23 07:45:00,181.83,182.14,181.82,182.14,11926.0
2024-07-23 07:30:00,181.92,182.09,181.84,181.85,26022.0
2024-07-23 07:15:00,182.15,182.21,181.7,181.94,19932.0
2024-07-23 07:00:00,182.3,182.38,182.13,182.16,27603.0
2024-07-23 06:45:00,182.28,182.3,182.12,182.29,7755.0
2024-07-23 06:30:00,182.39,182.44,182.2,182.21,5830.0
2024-07-23 06:15:00,182.09,182.38,182.05,182.37,3028.0
2024-07-23 06:00:00,182.17,182.17,181.83,181.99,12106.0
2024-07-23 05:45:00,182.16,182.23,182.1,182.13,1897.0
2024-07-23 05:30:00,182.24,182.25,182.02,182.15,6929.0
2024-07-23 05:15:00,182.31,182.53,182.1,182.21,11296.0
2024-07-23 05:00:00,182.17,182.4,182.1,182.36,4666.0
2024-07-23 04:45:00,182.07,182.3,181.98,182.17,7733.0
2024-07-23 04:30:00,181.84,182.16,181.76,182.07,6660.0
2024-07-23 04:15:00,181.94,182.0,181.65,181.84,5373.0
2024-07-23 04:00:00,183.12,183.12,181.18,181.9,19461.0
2024-07-22 19:45:00,181.873,182.085,181.87,181.93,5582.0
2024-07-22 19:30:00,182.251,182.3,181.87,181.873,6846.0
2024-07-22 19:15:00,182.254,182.39,182.25,182.251,4225.0
2024-07-22 19:00:00,182.341,182.44,182.25,182.253,4775.0
2024-07-22 18:45:00,182.301,182.36,182.25,182.34,8000.0
2024-07-22 18:30:00,182.318,182.33,182.11,182.3,4752.0
2024-07-22 18:15:00,182.193,182.32,182.163,182.252,3266.0
2024-07-22 18:00:00,182.08,182.394,182.06,182.193,8395.0
2024-07-22 17:45:00,182.15,182.21,182.05,182.061,3375.0
2024-07-22 17:30:00,182.147,182.22,182.02,182.151,12363.0
2024-07-22 17:15:00,181.912,182.15,181.91,182.023,9566.0
2024-07-22 17:00:00,182.11,182.2,181.865,181.912,11982.0
2024-07-22 16:45:00,181.863,182.14,181.67,182.032,153095.0
2024-07-22 16:30:00,181.87,181.98,181.67,181.973,120656.0
2024-07-22 16:15:00,181.67,181.9,181.67,181.802,108019.0
2024-07-22 16:00:00,181.64,182.75,181.64,181.821,9273341.0
2024-07-22 15:45:00,182.6,182.7,181.6,181.64,2218276.0
2024-07-22 15:30:00,182.28,182.67,181.95,182.595,1103954.0
2024-07-22 15:15:00,182.275,182.42,182.08,182.275,773895.0
2024-07-22 15:00:00,182.085,182.349,181.96,182.28,528784.0
2024-07-22 14:45:00,182.145,182.31,182.085,182.09,405754.0
2024-07-22 14:30:00,182.4,182.45,182.08,182.14,502755.0
2024-07-22 14:15:00,182.46,182.62,182.385,182.4,446237.0
2024-07-22 14:00:00,182.13,182.51,181.98,182.465,451036.0
2024-07-22 13:45:00,182.105,182.365,181.965,182.14,397216.0
2024-07-22 13:30:00,182.36,182.6,182.03,182.11,365811.0
2024-07-22 13:15:00,182.46,182.61,182.27,182.35,306937.0
2024-07-22 13:00:00,182.27,182.55,182.15,182.46,416413.0
2024-07-22 12:45:00,181.999,182.31,181.91,182.26,532934.0
2024-07-22 12:30:00,181.41,182.01,181.41,182.0,433951.0
2024-07-22 12:15:00,181.4,181.8,181.31,181.41,335111.0
2024-07-22 12:00:00,180.79,181.5,180.73,181.4,443667.0
2024-07-22 11:45:00,180.605,181.128,180.4,180.82,466876.0
2024-07-22 11:30:00,180.75,180.99,180.49,180.61,439141.0
2024-07-22 11:15:00,181.256,181.285,180.38,180.725,520601.0
2024-07-22 11:00:00,181.07,181.76,180.87,181.199,721216.0
2024-07-22 10:45:00,181.55,181.63,180.99,181.08,642299.0
2024-07-22 10:30:00,181.44,182.08,181.36,181.55,930476.0
2024-07-22 10:15:00,181.36,181.66,180.83,181.43,467078.0
2024-07-22 10:00:00,182.0,182.1,180.87,181.35,937170.0
2024-07-22 09:45:00,181.475,182.295,181.33,181.985,822004.0
2024-07-22 09:30:00,180.59,182.08,180.23,181.48,2079959.0
2024-07-22 09:15:00,180.54,180.89,180.41,180.72,42908.0
2024-07-22 09:00:00,180.252,180.6,180.121,180.54,23324.0
2024-07-22 08:45:00,180.261,180.38,180.13,180.262,17617.0
2024-07-22 08:30:00,180.6,180.73,178.1,180.261,24196.0
2024-07-22 08:15:00,180.403,180.648,177.66,180.619,27459.0
2024-07-22 08:00:00,180.012,180.63,177.66,180.402,80497.0
2024-07-22 07:45:00,180.19,180.25,180.08,180.24,9223.0
2024-07-22 07:30:00,180.14,180.19,179.95,180.18,23138.0
2024-07-22 07:15:00,180.12,180.27,180.07,180.15,11767.0
2024-07-22 07:00:00,180.05,180.18,179.84,180.12,47698.0
2024-07-22 06:45:00,179.64,180.1,179.62,180.04,41583.0
2024-07-22 06:30:00,179.59,179.79,179.51,179.67,3839.0
2024-07-22 06:15:00,179.44,179.59,179.41,179.59,3122.0
2024-07-22 06:00:00,179.14,179.5,179.14,179.44,17538.0
2024-07-22 05:45:00,178.96,179.15,178.91,179.15,1924.0
2024-07-22 05:30:00,179.03,179.1,178.96,179.0,3429.0
2024-07-22 05:15:00,179.04,179.09,178.86,179.03,1353.0
2024-07-22 05:00:00,179.08,179.18,178.97,179.09,4427.0
2024-07-22 04:45:00,179.24,179.45,179.04,179.04,6907.0
2024-07-22 04:30:00,179.17,179.25,179.08,179.25,1473.0
2024-07-22 04:15:00,178.92,179.19,178.9,179.17,9986.0
2024-07-22 04:00:00,178.68,179.15,178.43,178.9,10881.0
2024-07-19 19:45:00,177.665,177.85,177.66,177.679,4393.0
2024-07-19 19:30:00,177.814,180.3,177.66,177.665,12143.0
2024-07-19 19:15:00,177.814,177.97,177.81,177.813,716.0
2024-07-19 19:00:00,177.813,177.996,177.81,177.814,924.0
2024-07-19 18:45:00,177.702,177.994,177.7,177.813,1103.0
2024-07-19 18:30:00,177.793,179.77,177.13,177.702,27679.0
2024-07-19 18:15:00,177.744,177.924,177.7,177.793,1600.0
2024-07-19 18:00:00,177.708,178.0,177.7,177.744,877.0
2024-07-19 17:45:00,177.822,178.0,177.67,177.707,5454.0
2024-07-19 17:30:00,177.667,177.963,177.66,177.822,2250.0
2024-07-19 17:15:00,177.883,178.0,177.66,177.933,7242.0
2024-07-19 17:00:00,177.871,178.83,165.656,177.883,94045.0
2024-07-19 16:45:00,177.734,177.94,177.734,177.871,6187.0
2024-07-19 16:30:00,177.761,178.003,177.65,177.731,11511.0
2024-07-19 16:15:00,177.66,178.427,177.66,177.761,6955.0
2024-07-19 16:00:00,177.72,189.03,177.646,177.752,5198647.0
2024-07-19 15:45:00,177.44,177.82,177.43,177.72,1706112.0
2024-07-19 15:30:00,177.89,177.89,177.13,177.43,711660.0
2024-07-19 15:15:00,177.96,178.1,177.77,177.9,867563.0
2024-07-19 15:00:00,178.0,178.26,177.94,177.975,383013.0
2024-07-19 14:45:00,177.61,178.02,177.57,178.007,284353.0
2024-07-19 14:30:00,177.96,177.99,177.58,177.62,281022.0
2024-07-19 14:15:00,178.1,178.44,177.91,177.95,233836.0
2024-07-19 14:00:00,177.95,178.27,177.83,178.08,348468.0
2024-07-19 13:45:00,177.62,178.02,177.5,177.97,461285.0
2024-07-19 13:30:00,177.9,178.085,177.505,177.62,351826.0
2024-07-19 13:15:00,177.84,177.99,177.5,177.92,305522.0
2024-07-19 13:00:00,178.17,178.24,177.61,177.79,394169.0
2024-07-19 12:45:00,178.16,178.365,178.105,178.17,525692.0
2024-07-19 12:30:00,178.49,178.55,177.95,178.14,393155.0
2024-07-19 12:15:00,178.66,178.665,178.28,178.496,282009.0
2024-07-19 12:00:00,179.09,179.09,178.47,178.67,334993.0
2024-07-19 11:45:00,178.355,179.09,178.34,179.09,403101.0
2024-07-19 11:30:00,178.54,178.555,177.8,178.37,380396.0
2024-07-19 11:15:00,178.73,179.4,178.51,178.51,396475.0
2024-07-19 11:00:00,179.22,179.585,178.63,178.72,388213.0
2024-07-19 10:45:00,178.85,179.28,178.795,179.21,420128.0
2024-07-19 10:30:00,178.65,179.04,178.33,178.84,471363.0
2024-07-19 10:15:00,179.03,179.55,178.64,178.655,397895.0
2024-07-19 10:00:00,179.06,179.595,178.8,179.05,782452.0
2024-07-19 09:45:00,178.965,179.6,178.45,179.08,1184845.0
2024-07-19 09:30:00,178.88,180.29,178.47,178.97,2843205.0
2024-07-19 09:15:00,179.143,179.406,178.3,178.98,98249.0
2024-07-19 09:00:00,179.722,182.19,176.93,179.143,17362.0
2024-07-19 08:45:00,179.202,179.8,179.0,179.79,19575.0
2024-07-19 08:30:00,178.604,179.39,178.604,179.2,18449.0
2024-07-19 08:15:00,178.626,179.017,178.567,178.603,5321.0
2024-07-19 08:00:00,178.73,179.14,176.29,178.626,46556.0
2024-07-19 07:45:00,178.99,178.99,178.45,178.59,5779.0
2024-07-19 07:30:00,178.92,179.08,178.9,178.98,4442.0
2024-07-19 07:15:00,179.1,179.11,178.91,178.93,2152.0
2024-07-19 07:00:00,178.6,179.13,178.54,179.09,8223.0
2024-07-19 06:45:00,178.7,178.91,178.6,178.66,4070.0
2024-07-19 06:30:00,178.62,178.78,178.54,178.73,4029.0
2024-07-19 06:15:00,178.58,178.8,178.35,178.72,2868.0
2024-07-19 06:00:00,178.47,178.65,178.45,178.59,1655.0
2024-07-19 05:45:00,178.55,178.67,178.46,178.59,894.0
2024-07-19 05:30:00,178.09,178.57,178.08,178.43,5011.0
2024-07-19 05:15:00,178.39,178.45,178.0,178.18,4119.0
2024-07-19 05:00:00,178.4,178.46,178.04,178.38,3179.0
2024-07-19 04:45:00,178.43,178.5,178.27,178.44,3624.0
2024-07-19 04:30:00,178.79,178.79,178.4,178.46,1854.0
2024-07-19 04:15:00,177.49,178.9,177.48,178.78,7961.0
2024-07-19 04:00:00,178.22,178.22,176.89,177.52,4246.0
2024-07-18 19:45:00,178.214,178.47,178.038,178.216,3752.0
2024-07-18 19:30:00,178.405,178.585,178.214,178.214,4362.0
2024-07-18 19:15:00,178.53,178.59,178.32,178.405,2002.0
2024-07-18 19:00:00,178.444,178.65,178.21,178.413,3122.0
2024-07-18 18:45:00,178.212,178.5,178.212,178.226,1997.0
2024-07-18 18:30:00,178.256,178.5,178.153,178.21,3159.0
2024-07-18 18:15:00,178.501,178.7,178.02,178.256,4787.0
2024-07-18 18:00:00,178.202,178.7,178.2,178.501,11803.0
2024-07-18 17:45:00,178.305,178.49,174.812,178.202,4257.0
2024-07-18 17:30:00,178.058,178.49,178.058,178.305,4351.0
2024-07-18 17:15:00,177.88,178.398,177.87,178.058,3848.0
2024-07-18 17:00:00,178.42,178.48,170.709,178.24,5122.0
2024-07-18 16:45:00,178.07,186.55,170.709,178.2,10468.0
2024-07-18 16:30:00,177.93,178.09,177.69,177.875,22527.0
2024-07-18 16:15:00,177.69,178.007,177.64,177.903,15954.0
2024-07-18 16:00:00,177.68,181.01,177.01,177.643,7153555.0
2024-07-18 15:45:00,177.37,178.12,177.01,177.68,3052372.0
2024-07-18 15:30:00,176.82,177.45,176.47,177.36,912973.0
2024-07-18 15:15:00,176.78,177.11,176.67,176.86,710799.0
2024-07-18 15:00:00,177.35,177.52,176.59,176.77,687135.0
2024-07-18 14:45:00,177.07,177.44,176.95,177.37,525041.0
2024-07-18 14:30:00,177.29,177.3,176.885,177.09,638005.0
2024-07-18 14:15:00,177.6,177.94,177.24,177.305,457110.0
2024-07-18 14:00:00,177.91,177.93,177.49,177.59,399761.0
2024-07-18 13:45:00,177.995,178.32,177.832,177.9,383551.0
2024-07-18 13:30:00,177.4,178.0,177.34,177.99,349471.0
2024-07-18 13:15:00,177.5,177.85,177.35,177.39,460646.0
2024-07-18 13:00:00,177.16,177.56,177.034,177.51,475476.0
2024-07-18 12:45:00,177.22,177.22,176.7,177.17,540594.0
2024-07-18 12:30:00,176.95,177.35,176.76,177.24,692318.0
2024-07-18 12:15:00,176.845,177.1,176.47,176.965,640208.0
2024-07-18 12:00:00,177.46,177.5,176.685,176.84,884933.0
2024-07-18 11:45:00,177.42,177.71,177.16,177.47,599398.0
2024-07-18 11:30:00,177.56,177.758,177.16,177.415,938472.0
2024-07-18 11:15:00,178.58,178.8,177.57,177.57,1293805.0
2024-07-18 11:00:00,179.46,179.71,178.531,178.57,535586.0
2024-07-18 10:45:00,179.16,179.74,178.92,179.46,803924.0
2024-07-18 10:30:00,179.78,179.805,178.62,179.13,942140.0
2024-07-18 10:15:00,180.03,180.49,179.77,179.8,491309.0
2024-07-18 10:00:00,179.48,180.2,179.17,180.04,1322999.0
2024-07-18 09:45:00,181.04,181.075,179.43,179.51,1118934.0
2024-07-18 09:30:00,181.93,182.5,181.03,181.04,1148120.0
2024-07-18 09:15:00,182.59,182.74,181.57,181.94,81880.0
2024-07-18 09:00:00,182.29,182.79,182.281,182.59,38291.0
2024-07-18 08:45:00,182.22,182.86,181.02,182.281,47392.0
2024-07-18 08:30:00,181.94,182.25,181.79,182.218,10088.0
2024-07-18 08:15:00,181.705,181.97,181.705,181.852,3841.0
2024-07-18 08:00:00,181.8,182.7,181.0,181.87,40313.0
2024-07-18 07:45:00,181.74,181.83,181.66,181.8,1183.0
2024-07-18 07:30:00,181.76,181.84,181.67,181.74,2436.0
2024-07-18 07:15:00,181.78,181.84,181.68,181.73,5983.0
2024-07-18 07:00:00,181.65,181.93,181.61,181.77,6386.0
2024-07-18 06:45:00,181.61,181.7,181.55,181.67,1506.0
2024-07-18 06:30:00,181.4,181.6,181.36,181.6,2243.0
2024-07-18 06:15:00,181.37,181.5,181.36,181.37,1309.0
2024-07-18 06:00:00,181.64,181.64,181.35,181.36,2408.0
2024-07-18 05:45:00,181.56,181.64,181.45,181.64,1878.0
2024-07-18 05:30:00,181.63,181.64,181.39,181.51,1563.0
2024-07-18 05:15:00,181.75,181.83,181.6,181.65,1528.0
2024-07-18 05:00:00,181.9,181.97,181.69,181.8,3192.0
2024-07-18 04:45:00,181.88,182.09,181.8,181.96,1882.0
2024-07-18 04:30:00,181.5,181.95,181.41,181.86,2320.0
2024-07-18 04:15:00,181.44,181.56,181.4,181.5,1925.0
2024-07-18 04:00:00,181.57,182.22,181.4,181.47,4162.0
2024-07-17 19:45:00,181.502,181.57,181.502,181.56,3778.0
2024-07-17 19:30:00,181.452,181.57,181.45,181.502,3131.0
2024-07-17 19:15:00,181.56,181.57,181.45,181.452,1874.0
2024-07-17 19:00:00,181.336,181.67,181.33,181.453,5189.0
2024-07-17 18:45:00,181.299,181.8,181.21,181.336,4432.0
2024-07-17 18:30:00,181.295,181.49,181.13,181.261,2464.0
2024-07-17 18:15:00,181.129,181.49,181.12,181.44,1773.0
2024-07-17 18:00:00,181.121,181.5,181.02,181.129,7870.0
2024-07-17 17:45:00,181.151,181.2,174.812,181.121,2503.0
2024-07-17 17:30:00,181.112,181.2,181.0,181.151,1613.0
2024-07-17 17:15:00,181.24,186.49,174.812,181.112,6944.0
2024-07-17 17:00:00,181.229,182.86,180.928,181.24,7707.0
2024-07-17 16:45:00,181.341,181.39,180.928,181.181,3898.0
2024-07-17 16:30:00,181.171,181.39,181.02,181.341,8111.0
2024-07-17 16:15:00,181.02,182.85,180.95,181.171,48187.0
2024-07-17 16:00:00,181.01,183.0,180.835,181.02,7186575.0
2024-07-17 15:45:00,180.8,181.15,180.57,181.01,2033838.0
2024-07-17 15:30:00,181.12,181.24,180.76,180.8,537307.0
2024-07-17 15:15:00,181.335,181.51,181.01,181.13,403759.0
2024-07-17 15:00:00,181.405,181.52,181.09,181.32,435826.0
2024-07-17 14:45:00,181.64,181.69,181.26,181.4,311496.0
2024-07-17 14:30:00,181.75,181.82,181.54,181.65,339928.0
2024-07-17 14:15:00,181.38,181.78,181.38,181.74,488089.0
2024-07-17 14:00:00,181.195,181.55,181.045,181.38,287328.0
2024-07-17 13:45:00,180.95,181.25,180.84,181.21,240071.0
2024-07-17 13:30:00,180.85,181.37,180.75,180.98,287711.0
2024-07-17 13:15:00,180.63,181.08,180.515,180.86,416744.0
2024-07-17 13:00:00,181.19,181.37,180.607,180.61,278986.0
2024-07-17 12:45:00,180.875,181.19,180.7,181.185,404386.0
2024-07-17 12:30:00,180.77,180.96,180.59,180.88,359098.0
2024-07-17 12:15:00,180.61,180.92,180.57,180.78,439763.0
2024-07-17 12:00:00,180.45,180.85,180.45,180.6,323823.0
2024-07-17 11:45:00,180.63,180.77,180.29,180.453,368329.0
2024-07-17 11:30:00,180.59,180.78,180.37,180.625,431993.0
2024-07-17 11:15:00,180.36,180.585,180.0,180.585,701282.0
2024-07-17 11:00:00,180.39,180.45,180.0,180.36,695481.0
2024-07-17 10:45:00,181.15,181.16,179.9,180.395,854681.0
2024-07-17 10:30:00,180.955,181.21,180.62,181.14,526610.0
2024-07-17 10:15:00,180.56,181.27,180.56,180.95,743046.0
2024-07-17 10:00:00,181.55,181.79,180.42,180.54,1115480.0
2024-07-17 09:45:00,181.591,182.9,181.51,181.575,882258.0
2024-07-17 09:30:00,182.965,183.55,181.45,181.63,2301066.0
2024-07-17 09:15:00,183.001,185.82,182.565,182.97,53845.0
2024-07-17 09:00:00,182.961,183.92,182.575,183.001,61653.0
2024-07-17 08:45:00,182.891,183.0,182.72,182.961,48445.0
2024-07-17 08:30:00,182.882,188.09,182.81,182.891,9810.0
2024-07-17 08:15:00,182.814,183.0,182.81,182.9,6925.0
2024-07-17 08:00:00,183.15,183.58,181.315,182.814,59843.0
2024-07-17 07:45:00,182.76,183.0,182.61,182.86,14830.0
2024-07-17 07:30:00,182.54,182.75,182.23,182.74,9003.0
2024-07-17 07:15:00,183.05,183.08,182.37,182.56,12319.0
2024-07-17 07:00:00,182.97,183.27,182.75,183.06,28447.0
2024-07-17 06:45:00,182.88,183.0,182.79,182.93,3943.0
2024-07-17 06:30:00,182.9,183.06,182.87,182.88,7898.0
2024-07-17 06:15:00,182.84,182.97,182.75,182.91,2663.0
2024-07-17 06:00:00,182.76,182.84,182.75,182.84,2093.0
2024-07-17 05:45:00,182.53,182.84,182.53,182.76,4220.0
2024-07-17 05:30:00,182.21,182.84,182.19,182.63,6703.0
2024-07-17 05:15:00,182.26,182.33,182.2,182.26,1869.0
2024-07-17 05:00:00,182.3,182.43,182.19,182.27,2613.0
2024-07-17 04:45:00,181.85,182.31,181.85,182.31,5609.0
2024-07-17 04:30:00,181.56,181.91,181.48,181.85,13993.0
2024-07-17 04:15:00,181.79,181.83,181.42,181.52,11676.0
2024-07-17 04:00:00,182.75,183.27,181.57,181.8,12526.0
2024-07-16 19:45:00,183.604,183.873,183.58,183.602,5317.0
2024-07-16 19:30:00,183.583,183.756,183.58,183.584,882.0
2024-07-16 19:15:00,183.683,183.8,183.55,183.65,1293.0
2024-07-16 19:00:00,183.841,183.89,183.68,183.797,984.0
2024-07-16 18:45:00,183.85,183.9,183.7,183.86,1209.0
2024-07-16 18:30:00,183.821,183.9,183.578,183.9,2765.0
2024-07-16 18:15:00,183.485,183.9,183.486,183.821,6599.0
2024-07-16 18:00:00,183.524,183.7,183.48,183.485,1685.0
2024-07-16 17:45:00,183.599,183.7,174.812,183.524,5408.0
2024-07-16 17:30:00,183.665,185.8,183.58,183.6,38064.0
2024-07-16 17:15:00,183.638,183.85,183.58,183.78,3537.0
2024-07-16 17:00:00,183.69,183.92,183.562,183.581,59380.0
2024-07-16 16:45:00,183.49,183.92,175.344,183.61,682498.0
2024-07-16 16:30:00,183.92,183.92,183.3,183.4,22180.0
2024-07-16 16:15:00,183.92,184.564,183.761,183.918,110010.0
2024-07-16 16:00:00,183.905,184.03,183.75,183.89,5030927.0
2024-07-16 15:45:00,183.909,184.19,183.75,183.92,1329489.0
2024-07-16 15:30:00,183.92,184.09,183.71,183.906,628608.0
2024-07-16 15:15:00,184.375,184.38,183.7,183.94,413806.0
2024-07-16 15:00:00,184.34,184.389,184.01,184.38,363639.0
2024-07-16 14:45:00,184.32,184.36,184.03,184.35,257932.0
2024-07-16 14:30:00,183.91,184.38,183.83,184.325,310911.0
2024-07-16 14:15:00,183.59,184.01,183.473,183.92,320997.0
2024-07-16 14:00:00,183.775,183.83,183.38,183.57,393017.0
2024-07-16 13:45:00,183.415,183.84,183.414,183.775,335340.0
2024-07-16 13:30:00,184.06,184.17,183.374,183.43,542689.0
2024-07-16 13:15:00,184.1,184.378,184.01,184.07,339300.0
2024-07-16 13:00:00,184.31,184.57,184.01,184.1,387796.0
2024-07-16 12:45:00,183.87,184.34,183.87,184.31,477878.0
2024-07-16 12:30:00,184.477,184.5,183.82,183.88,579228.0
2024-07-16 12:15:00,184.98,185.12,184.33,184.49,535275.0
2024-07-16 12:00:00,185.87,185.97,184.65,184.97,1172245.0
2024-07-16 11:45:00,186.066,186.15,185.78,185.85,362944.0
2024-07-16 11:30:00,186.47,186.53,186.0,186.07,345614.0
2024-07-16 11:15:00,186.705,186.82,186.4,186.47,249854.0
2024-07-16 11:00:00,186.285,186.99,186.1,186.69,289796.0
2024-07-16 10:45:00,186.49,186.78,186.17,186.29,336693.0
2024-07-16 10:30:00,186.44,186.6,185.91,186.48,404872.0
2024-07-16 10:15:00,185.78,186.52,185.42,186.44,549187.0
2024-07-16 10:00:00,186.7,186.83,185.742,185.77,911086.0
2024-07-16 09:45:00,187.98,188.08,186.653,186.69,526236.0
2024-07-16 09:30:00,187.36,188.68,187.175,187.99,1203067.0
2024-07-16 09:15:00,187.213,187.548,187.182,187.365,19780.0
2024-07-16 09:00:00,187.203,187.36,187.064,187.213,8376.0
2024-07-16 08:45:00,187.153,187.35,186.916,187.327,13597.0
2024-07-16 08:30:00,187.03,187.26,186.51,187.19,15858.0
2024-07-16 08:15:00,187.18,187.22,186.53,187.002,5245.0
2024-07-16 08:00:00,186.53,188.0,186.457,187.152,790520.0
2024-07-16 07:45:00,187.15,187.24,187.13,187.19,1092.0
2024-07-16 07:30:00,187.09,187.26,187.05,187.19,3276.0
2024-07-16 07:15:00,187.1,187.13,187.02,187.05,1151.0
2024-07-16 07:00:00,187.17,187.27,187.09,187.09,2916.0
2024-07-16 06:45:00,187.21,187.26,187.17,187.22,996.0
2024-07-16 06:30:00,187.23,187.25,187.13,187.2,832.0
2024-07-16 06:15:00,187.28,187.3,187.07,187.24,2323.0
2024-07-16 06:00:00,187.2,187.29,187.19,187.27,832.0
2024-07-16 05:45:00,187.21,187.25,187.07,187.12,225.0
2024-07-16 05:30:00,187.25,187.25,186.94,187.13,1159.0
2024-07-16 05:15:00,187.04,187.23,187.02,187.22,1493.0
2024-07-16 05:00:00,186.95,187.12,186.93,187.01,1845.0
2024-07-16 04:45:00,186.88,186.95,186.68,186.95,2179.0
2024-07-16 04:30:00,187.14,187.14,186.83,186.83,2399.0
2024-07-16 04:15:00,186.74,187.3,186.74,187.06,2216.0
2024-07-16 04:00:00,187.43,188.0,186.51,186.82,3215.0
2024-07-15 19:45:00,187.574,187.75,187.49,187.551,1969.0
2024-07-15 19:30:00,187.688,187.85,187.57,187.574,5391.0
2024-07-15 19:15:00,187.423,187.69,187.42,187.622,4559.0
2024-07-15 19:00:00,187.539,187.55,187.3,187.423,2450.0
2024-07-15 18:45:00,187.295,187.53,187.29,187.501,3882.0
2024-07-15 18:30:00,187.402,187.49,187.29,187.295,2413.0
2024-07-15 18:15:00,187.155,187.49,187.046,187.402,4377.0
2024-07-15 18:00:00,187.103,187.34,187.1,187.155,2184.0
2024-07-15 17:45:00,187.071,187.23,186.53,187.103,7406.0
2024-07-15 17:30:00,187.123,187.28,187.071,187.071,1723.0
2024-07-15 17:15:00,187.082,187.25,187.072,187.123,4406.0
2024-07-15 17:00:00,187.031,187.197,186.53,187.082,537349.0
2024-07-15 16:45:00,187.08,187.08,186.53,187.031,299707.0
2024-07-15 16:30:00,187.0,187.2,185.464,187.021,273267.0
2024-07-15 16:15:00,186.53,187.039,186.53,186.99,3204.0
2024-07-15 16:00:00,186.61,187.126,186.53,186.931,4786568.0
2024-07-15 15:45:00,186.23,186.63,186.041,186.61,1224864.0
2024-07-15 15:30:00,186.58,186.895,186.19,186.215,415869.0
2024-07-15 15:15:00,186.75,186.93,186.56,186.57,236228.0
2024-07-15 15:00:00,186.68,186.878,186.44,186.74,196598.0
2024-07-15 14:45:00,186.31,186.69,186.25,186.69,177857.0
2024-07-15 14:30:00,186.49,186.84,186.287,186.31,243226.0
2024-07-15 14:15:00,186.17,186.51,186.03,186.49,198961.0
2024-07-15 14:00:00,186.245,186.285,185.96,186.15,421268.0
2024-07-15 13:45:00,186.475,186.63,186.19,186.245,270532.0
2024-07-15 13:30:00,186.65,186.7,186.26,186.465,229545.0
2024-07-15 13:15:00,186.66,187.07,186.5,186.65,192314.0
2024-07-15 13:00:00,186.8,186.87,186.24,186.67,299705.0
2024-07-15 12:45:00,186.73,186.91,186.565,186.799,196774.0
2024-07-15 12:30:00,186.67,187.01,186.54,186.72,238149.0
2024-07-15 12:15:00,186.66,186.86,186.46,186.69,376375.0
2024-07-15 12:00:00,187.38,187.455,186.63,186.7,326221.0
2024-07-15 11:45:00,187.34,187.47,186.82,187.4,387304.0
2024-07-15 11:30:00,187.38,187.69,187.23,187.33,343250.0
2024-07-15 11:15:00,187.67,188.24,187.37,187.37,512921.0
2024-07-15 11:00:00,187.42,187.92,187.38,187.665,425481.0
2024-07-15 10:45:00,187.74,187.8,187.33,187.43,389128.0
2024-07-15 10:30:00,187.5,188.03,187.47,187.73,777362.0
2024-07-15 10:15:00,187.23,187.58,186.95,187.5,699597.0
2024-07-15 10:00:00,187.15,187.325,186.75,187.22,668709.0
2024-07-15 09:45:00,186.295,187.21,186.04,187.15,1079662.0
2024-07-15 09:30:00,184.92,186.925,184.92,186.26,1549961.0
2024-07-15 09:15:00,184.63,184.998,174.812,184.86,47510.0
2024-07-15 09:00:00,184.632,185.96,184.48,184.52,20227.0
2024-07-15 08:45:00,184.792,185.07,184.553,184.631,12372.0
2024-07-15 08:30:00,185.113,185.22,184.71,184.869,19998.0
2024-07-15 08:15:00,185.22,185.23,185.003,185.113,397478.0
2024-07-15 08:00:00,185.412,186.3,184.83,185.191,59911.0
2024-07-15 07:45:00,185.11,185.22,185.08,185.08,6563.0
2024-07-15 07:30:00,185.37,185.39,185.01,185.14,11625.0
2024-07-15 07:15:00,185.31,185.41,185.25,185.37,5529.0
2024-07-15 07:00:00,185.34,185.58,185.28,185.32,14780.0
2024-07-15 06:45:00,185.25,185.35,185.23,185.35,2105.0
2024-07-15 06:30:00,185.35,185.37,185.19,185.25,2552.0
2024-07-15 06:15:00,185.26,185.36,185.21,185.35,1367.0
2024-07-15 06:00:00,185.2,185.28,185.13,185.26,1893.0
2024-07-15 05:45:00,185.25,185.27,185.06,185.23,3364.0
2024-07-15 05:30:00,185.19,185.27,185.15,185.25,1787.0
2024-07-15 05:15:00,185.07,185.22,185.06,185.2,2528.0
2024-07-15 05:00:00,185.14,185.19,185.05,185.08,1647.0
2024-07-15 04:45:00,185.37,185.37,185.05,185.14,7122.0
2024-07-15 04:30:00,185.42,185.5,185.34,185.36,4115.0
2024-07-15 04:15:00,185.44,185.57,185.39,185.43,5682.0
2024-07-15 04:00:00,185.15,185.97,185.15,185.48,8287.0
2024-07-12 19:45:00,184.633,184.99,184.63,184.834,4565.0
2024-07-12 19:30:00,184.673,184.777,184.633,184.69,2080.0
2024-07-12 19:15:00,184.663,184.78,184.663,184.673,967.0
2024-07-12 19:00:00,184.679,184.77,184.63,184.663,938.0
2024-07-12 18:45:00,184.556,184.84,184.55,184.631,1149.0
2024-07-12 18:30:00,184.79,184.88,184.555,184.556,3553.0
2024-07-12 18:15:00,184.681,184.88,184.68,184.702,1776.0
2024-07-12 18:00:00,184.704,184.91,184.68,184.681,3926.0
2024-07-12 17:45:00,184.695,184.88,184.656,184.88,1672.0
2024-07-12 17:30:00,184.74,184.9,184.69,184.695,6130.0
2024-07-12 17:15:00,184.68,185.07,184.68,184.691,63673.0
2024-07-12 17:00:00,184.553,184.79,184.55,184.68,8958.0
2024-07-12 16:45:00,184.501,184.67,184.502,184.553,11829.0
2024-07-12 16:30:00,184.532,185.07,184.454,184.501,4405.0
2024-07-12 16:15:00,185.07,185.07,184.426,184.532,8342.0
2024-07-12 16:00:00,185.05,190.04,184.0,184.455,7006014.0
2024-07-12 15:45:00,184.91,185.22,184.49,185.05,2439096.0
2024-07-12 15:30:00,186.04,186.09,184.8,184.91,938147.0
2024-07-12 15:15:00,186.06,186.26,185.88,186.04,581312.0
2024-07-12 15:00:00,186.4,186.43,185.97,186.05,654944.0
2024-07-12 14:45:00,186.3,186.43,186.26,186.38,453354.0
2024-07-12 14:30:00,186.085,186.32,186.01,186.295,386575.0
2024-07-12 14:15:00,186.523,186.55,185.93,186.09,533767.0
2024-07-12 14:00:00,186.88,187.08,186.387,186.51,595113.0
2024-07-12 13:45:00,186.645,187.11,186.53,186.875,665370.0
2024-07-12 13:30:00,186.03,186.67,186.01,186.652,694117.0
2024-07-12 13:15:00,185.96,186.08,185.91,186.03,416266.0
2024-07-12 13:00:00,186.05,186.08,185.85,185.95,522684.0
2024-07-12 12:45:00,185.33,186.07,185.26,186.04,871871.0
2024-07-12 12:30:00,185.4,185.65,185.33,185.33,377457.0
2024-07-12 12:15:00,185.13,185.547,185.125,185.39,446769.0
2024-07-12 12:00:00,185.2,185.507,185.025,185.14,414817.0
2024-07-12 11:45:00,185.54,185.7,185.18,185.21,426892.0
2024-07-12 11:30:00,185.69,185.71,185.37,185.57,390992.0
2024-07-12 11:15:00,185.9,185.97,185.51,185.68,406748.0
2024-07-12 11:00:00,185.51,186.16,185.505,185.905,442513.0
2024-07-12 10:45:00,186.1,186.5,185.52,185.52,540357.0
2024-07-12 10:30:00,185.1,186.21,185.025,186.105,650890.0
2024-07-12 10:15:00,185.69,185.72,184.99,185.1,567444.0
2024-07-12 10:00:00,186.03,186.415,185.474,185.68,847774.0
2024-07-12 09:45:00,185.355,186.08,184.91,186.01,1497115.0
2024-07-12 09:30:00,185.08,186.57,184.85,185.34,1666136.0
2024-07-12 09:15:00,185.653,185.76,184.771,185.04,66836.0
2024-07-12 09:00:00,185.6,185.82,185.443,185.653,18842.0
2024-07-12 08:45:00,185.486,189.985,185.46,185.484,19634.0
2024-07-12 08:30:00,185.49,185.89,184.2,185.714,42335.0
2024-07-12 08:15:00,185.772,185.84,185.284,185.7,13181.0
2024-07-12 08:00:00,185.94,186.297,185.18,185.8,37780.0
2024-07-12 07:45:00,186.07,186.1,185.8,185.91,8987.0
2024-07-12 07:30:00,186.0,186.1,185.93,186.05,8646.0
2024-07-12 07:15:00,185.66,186.0,185.64,186.0,13579.0
2024-07-12 07:00:00,185.94,185.98,185.61,185.65,7689.0
2024-07-12 06:45:00,186.04,186.04,185.89,185.98,4249.0
2024-07-12 06:30:00,186.08,186.23,185.99,186.04,5397.0
2024-07-12 06:15:00,185.99,186.21,185.9,186.08,4927.0
2024-07-12 06:00:00,185.9,186.0,185.9,186.0,745.0
2024-07-12 05:45:00,185.82,185.88,185.8,185.88,2845.0
2024-07-12 05:30:00,185.82,185.96,185.79,185.83,2794.0
2024-07-12 05:15:00,185.82,185.88,185.7,185.87,5270.0
2024-07-12 05:00:00,185.69,185.89,185.62,185.78,4572.0
2024-07-12 04:45:00,185.6,185.74,185.6,185.67,2574.0
2024-07-12 04:30:00,185.73,185.79,185.59,185.6,2808.0
2024-07-12 04:15:00,185.64,185.73,185.6,185.73,3223.0
2024-07-12 04:00:00,185.85,185.85,185.17,185.64,3519.0
2024-07-11 19:45:00,185.84,185.95,185.258,185.258,17253.0
2024-07-11 19:30:00,185.912,186.18,185.802,185.802,3334.0
2024-07-11 19:15:00,185.849,186.2,185.84,185.912,6382.0
2024-07-11 19:00:00,185.994,186.28,185.77,186.0,3086.0
2024-07-11 18:45:00,186.165,186.36,185.747,186.0,12484.0
2024-07-11 18:30:00,185.95,186.46,185.749,186.165,6399.0
2024-07-11 18:15:00,185.851,186.161,185.68,186.0,4582.0
2024-07-11 18:00:00,185.832,186.25,185.81,185.86,8531.0
2024-07-11 17:45:00,185.811,185.91,185.81,185.832,4627.0
2024-07-11 17:30:00,185.785,185.91,185.71,185.811,5808.0
2024-07-11 17:15:00,185.7,185.91,185.655,185.886,4691.0
2024-07-11 17:00:00,185.86,186.06,174.812,185.683,4137.0
2024-07-11 16:45:00,186.17,186.19,185.57,186.035,562790.0
2024-07-11 16:30:00,186.12,186.19,186.01,186.19,9733.0
2024-07-11 16:15:00,186.02,186.22,185.57,186.01,20845.0
2024-07-11 16:00:00,185.25,186.5,185.25,186.13,9102685.0
2024-07-11 15:45:00,185.535,185.96,185.27,185.55,2529315.0
2024-07-11 15:30:00,186.2,186.24,185.525,185.535,781098.0
2024-07-11 15:15:00,186.22,186.47,186.15,186.19,371198.0
2024-07-11 15:00:00,186.41,186.74,186.16,186.23,383079.0
2024-07-11 14:45:00,186.3,186.468,186.13,186.4,292413.0
2024-07-11 14:30:00,185.65,186.37,185.62,186.29,555349.0
2024-07-11 14:15:00,185.54,185.9,185.495,185.66,310674.0
2024-07-11 14:00:00,185.4,185.64,185.3,185.534,359978.0
2024-07-11 13:45:00,185.59,185.61,185.19,185.41,406632.0
2024-07-11 13:30:00,185.89,185.89,185.49,185.62,293030.0
2024-07-11 13:15:00,185.9,186.05,185.63,185.89,287124.0
2024-07-11 13:00:00,185.63,185.97,185.47,185.91,305030.0
2024-07-11 12:45:00,186.28,186.28,185.58,185.61,409266.0
2024-07-11 12:30:00,186.07,186.419,186.005,186.28,388756.0
2024-07-11 12:15:00,185.877,186.096,185.66,186.06,593449.0
2024-07-11 12:00:00,185.7,185.97,185.08,185.88,1121060.0
2024-07-11 11:45:00,185.82,186.33,185.61,185.685,663958.0
2024-07-11 11:30:00,186.21,186.3,185.58,185.822,1191009.0
2024-07-11 11:15:00,186.81,186.84,186.13,186.215,742901.0
2024-07-11 11:00:00,187.15,187.18,186.66,186.81,892567.0
2024-07-11 10:45:00,187.68,187.78,187.14,187.15,853435.0
2024-07-11 10:30:00,188.12,188.38,187.576,187.68,696789.0
2024-07-11 10:15:00,188.21,188.49,187.61,188.12,879347.0
2024-07-11 10:00:00,189.74,189.742,187.96,188.21,1379625.0
2024-07-11 09:45:00,190.01,190.23,189.41,189.75,1058909.0
2024-07-11 09:30:00,189.845,190.86,189.62,190.02,1843047.0
2024-07-11 09:15:00,190.313,190.655,189.75,189.87,54402.0
2024-07-11 09:00:00,190.343,191.18,190.25,190.408,32591.0
2024-07-11 08:45:00,191.284,191.44,189.755,190.37,46024.0
2024-07-11 08:30:00,191.16,191.94,191.09,191.37,45281.0
2024-07-11 08:15:00,190.911,191.095,190.86,190.905,5992.0
2024-07-11 08:00:00,190.917,191.36,190.503,190.959,19900.0
2024-07-11 07:45:00,190.99,191.0,190.84,190.89,6636.0
2024-07-11 07:30:00,190.95,191.02,190.92,190.99,644.0
2024-07-11 07:15:00,190.79,190.93,190.75,190.91,2243.0
2024-07-11 07:00:00,190.75,190.84,190.7,190.76,5037.0
2024-07-11 06:45:00,190.7,190.75,190.62,190.7,1590.0
2024-07-11 06:30:00,190.68,190.72,190.63,190.72,1822.0
2024-07-11 06:15:00,190.69,190.72,190.68,190.69,411.0
2024-07-11 06:00:00,190.6,190.73,190.59,190.68,2661.0
2024-07-11 05:45:00,190.85,190.86,190.57,190.62,2082.0
2024-07-11 05:30:00,190.65,190.85,190.65,190.84,703.0
2024-07-11 05:15:00,190.62,190.7,190.61,190.67,1275.0
2024-07-11 05:00:00,190.77,190.82,190.61,190.64,1677.0
2024-07-11 04:45:00,190.86,190.9,190.73,190.79,860.0
2024-07-11 04:30:00,190.86,190.91,190.77,190.77,2254.0
2024-07-11 04:15:00,191.14,191.14,190.8,190.86,946.0
2024-07-11 04:00:00,191.16,191.18,190.88,191.07,2146.0
